scientific_name,is_invasive,native_region_count,growth_ph_minimum,growth_ph_maximum,habit_Forb/herb,"habit_Forb/herb, Subshrub","habit_Forb/herb, Vine",habit_Graminoid,habit_Nonvascular,habit_Shrub,"habit_Shrub, Subshrub","habit_Shrub, Tree",habit_Subshrub,"habit_Subshrub, Forb/herb","habit_Subshrub, Shrub","habit_Subshrub, Shrub, Graminoid","habit_Subshrub, Vine, Forb/herb",habit_Tree,"habit_Tree, Shrub",habit_Unknown,habit_Vine,"habit_Vine, Forb/herb","habit_Vine, Shrub","habit_Vine, Subshrub",light_3.0,light_4.0,light_5.0,light_6.0,light_7.0,light_8.0,light_9.0,light_Unknown,reproduction_Vegetative,dispersal_Animal,growth_rate_Moderate,growth_rate_Rapid,growth_rate_Slow,inat_taxon_id
Quercus rotundifolia,0,0.0223214285714285,0.5927692307692305,0.5972307692307692,0,0,0,0,0,0,0,0,0,0,0,0,0,0,0,1,0,0,0,0,0,0,0,0,0,0,0,1,0,0,0,0,0,82946
Urtica dioica,1,0.3794642857142857,0.7,0.6000000000000001,1,0,0,0,0,0,0,0,0,0,0,0,0,0,0,0,0,0,0,0,0,0,1,0,0,0,0,0,0,0,0,0,0,51884
Dactylis glomerata,1,0.375,0.4399999999999999,0.7,0,0,0,1,0,0,0,0,0,0,0,0,0,0,0,0,0,0,0,0,0,0,0,0,1,0,0,0,0,0,1,0,0,52720
Plantago lanceolata,1,0.3482142857142857,0.5,0.5,1,0,0,0,0,0,0,0,0,0,0,0,0,0,0,0,0,0,0,0,0,0,0,0,1,0,0,0,0,0,0,0,0,53178
Achillea millefolium,1,0.625,0.6000000000000001,0.8,1,0,0,0,0,0,0,0,0,0,0,0,0,0,0,0,0,0,0,0,0,0,0,0,0,1,0,0,1,0,1,0,0,52821
Trifolium repens,1,0.3392857142857142,0.6000000000000001,0.6000000000000001,1,0,0,0,0,0,0,0,0,0,0,0,0,0,0,0,0,0,0,0,0,0,0,0,1,0,0,0,1,0,1,0,0,55745
Holcus lanatus,1,0.2098214285714285,0.1999999999999999,0.6000000000000001,0,0,0,1,0,0,0,0,0,0,0,0,0,0,0,0,0,0,0,0,0,0,0,0,1,0,0,0,0,0,1,0,0,52793
Ranunculus repens,0,0.3303571428571428,0.5199999999999998,0.6400000000000001,1,0,0,0,0,0,0,0,0,0,0,0,0,0,0,0,0,0,0,0,0,0,1,0,0,0,0,0,1,0,0,1,0,48229
Quercus robur,0,0.1875,0.5,0.5,0,0,0,0,0,0,0,0,0,0,0,0,0,1,0,0,0,0,0,0,0,0,0,0,1,0,0,0,0,0,0,0,0,56133
Festuca rubra,0,0.6116071428571428,0.3999999999999999,0.8,0,0,0,1,0,0,0,0,0,0,0,0,0,0,0,0,0,0,0,0,0,0,0,0,0,0,1,0,1,0,1,0,0,61061
Fraxinus excelsior,0,0.1428571428571428,0.8,0.7,0,0,0,0,0,0,0,0,0,0,0,0,0,1,0,0,0,0,0,0,0,0,0,0,1,0,0,0,0,0,0,0,0,125440
Cirsium arvense,1,0.375,0.5927692307692305,0.5972307692307692,0,0,0,0,0,0,0,0,0,0,0,0,0,0,0,1,0,0,0,0,0,0,0,0,0,0,0,1,0,0,0,0,0,60132
Trifolium pratense,1,0.2946428571428571,0.7,0.72,1,0,0,0,0,0,0,0,0,0,0,0,0,0,0,0,0,0,0,0,0,0,0,0,1,0,0,0,0,0,0,1,0,51875
Fagus sylvatica,0,0.1383928571428571,0.3999999999999999,0.3,0,0,0,0,0,0,0,0,0,0,0,0,0,1,0,0,0,0,0,0,0,0,0,0,1,0,0,0,0,0,0,0,0,54227
Juncus effusus,0,0.6651785714285714,0.5,0.9600000000000002,0,0,0,1,0,0,0,0,0,0,0,0,0,0,0,0,0,0,0,0,0,0,0,0,1,0,0,0,0,0,1,0,0,56153
Ranunculus acris,0,0.2321428571428571,0.7,0.6000000000000001,1,0,0,0,0,0,0,0,0,0,0,0,0,0,0,0,0,0,0,0,0,0,0,0,1,0,0,0,0,0,0,0,0,56064
Crataegus monogyna,0,0.2142857142857142,0.6000000000000001,0.6400000000000001,0,0,0,0,0,0,0,1,0,0,0,0,0,0,0,0,0,0,0,0,0,0,0,0,1,0,0,0,0,1,0,0,1,51147
Rumex acetosa,0,0.3258928571428571,0.5,0.5,1,0,0,0,0,0,0,0,0,0,0,0,0,0,0,0,0,0,0,0,0,0,0,0,0,1,0,0,0,0,0,0,0,55821
Calluna vulgaris,0,0.1785714285714285,0.5927692307692305,0.5972307692307692,0,0,0,0,0,0,0,0,0,0,0,0,0,0,0,1,0,0,0,0,0,0,0,0,0,0,0,1,0,0,0,0,0,119450
Filipendula ulmaria,0,0.21875,0.5,0.5,1,0,0,0,0,0,0,0,0,0,0,0,0,0,0,0,0,0,0,0,0,0,0,0,1,0,0,0,0,0,0,0,0,63134
Corylus avellana,0,0.1785714285714285,0.5,0.5,0,0,0,0,0,0,0,0,0,0,0,0,0,0,1,0,0,0,0,0,0,0,1,0,0,0,0,0,0,0,0,0,0,54491
Phragmites australis,1,1.0,0.2999999999999999,0.94,0,0,0,0,0,0,0,0,0,0,0,1,0,0,0,0,0,0,0,0,0,0,0,0,1,0,0,0,1,1,0,1,0,64237
Glechoma hederacea,0,0.21875,0.7,0.6000000000000001,1,0,0,0,0,0,0,0,0,0,0,0,0,0,0,0,0,0,0,0,0,0,1,0,0,0,0,0,0,0,0,0,0,55830
Agrostis capillaris,1,0.2232142857142857,0.5927692307692305,0.5972307692307692,0,0,0,0,0,0,0,0,0,0,0,0,0,0,0,1,0,0,0,0,0,0,0,0,0,0,0,1,0,0,0,0,0,75312
Anthoxanthum odoratum,1,0.25,0.3999999999999999,0.3,0,0,0,1,0,0,0,0,0,0,0,0,0,0,0,0,0,0,0,0,0,0,0,0,1,0,0,0,0,0,0,0,0,75475
Hedera helix,1,0.1875,0.5927692307692305,0.5972307692307692,0,0,0,0,0,0,0,0,0,0,0,0,0,0,0,1,0,0,0,0,0,0,0,0,0,0,0,1,0,0,0,0,0,55882
Agrostis stolonifera,0,0.3705357142857142,0.5927692307692305,0.5972307692307692,0,0,0,0,0,0,0,0,0,0,0,0,0,0,0,1,0,0,0,0,0,0,0,0,0,0,0,1,0,0,0,0,0,75314
Plantago major,1,0.4553571428571428,0.3599999999999999,0.6599999999999999,1,0,0,0,0,0,0,0,0,0,0,0,0,0,0,0,0,0,0,0,0,0,1,0,0,0,0,0,0,0,1,0,0,58961
Lotus corniculatus,0,0.3169642857142857,0.5,0.7,1,0,0,0,0,0,0,0,0,0,0,0,0,0,0,0,0,0,0,0,0,0,0,0,1,0,0,0,0,0,1,0,0,47435
Sorbus aucuparia,0,0.2633928571428571,0.5,0.7,0,0,0,0,0,0,0,0,0,0,0,0,0,0,1,0,0,0,0,0,0,0,0,0,1,0,0,0,0,1,0,1,0,56063
Poa trivialis,0,0.3705357142857142,0.3599999999999999,0.7,0,0,0,1,0,0,0,0,0,0,0,0,0,0,0,0,0,0,0,0,0,0,1,0,0,0,0,0,0,0,1,0,0,78657
Galium aparine,0,0.3616071428571428,0.48,0.6400000000000001,0,0,1,0,0,0,0,0,0,0,0,0,0,0,0,0,0,0,0,0,0,0,0,1,0,0,0,0,0,0,0,1,0,53059
Pinus sylvestris,1,0.2053571428571428,0.3999999999999999,0.7,0,0,0,0,0,0,0,0,0,0,0,0,0,1,0,0,0,0,0,0,0,0,0,0,0,1,0,0,0,0,0,1,0,58722
Prunella vulgaris,1,0.7589285714285714,0.48,0.8,1,0,0,0,0,0,0,0,0,0,0,0,0,0,0,0,0,0,0,0,0,0,1,0,0,0,0,0,1,0,0,1,0,52764
Arrhenatherum elatius,0,0.2455357142857142,0.5927692307692305,0.5972307692307692,0,0,0,0,0,0,0,0,0,0,0,0,0,0,0,1,0,0,0,0,0,0,0,0,0,0,0,1,0,0,0,0,0,75583
Lolium perenne,1,0.2946428571428571,0.4399999999999999,0.7,0,0,0,1,0,0,0,0,0,0,0,0,0,0,0,0,0,0,0,0,0,0,0,0,1,0,0,0,0,0,0,1,0,52801
Quercus suber,0,0.0446428571428571,0.3999999999999999,0.3,0,0,0,0,0,0,0,0,0,0,0,0,0,1,0,0,0,0,0,0,0,0,0,0,0,1,0,0,0,0,0,0,0,50868
Prunus spinosa,0,0.2053571428571428,0.5,0.5,0,0,0,0,0,0,0,0,0,0,0,0,0,0,1,0,0,0,0,0,0,0,0,0,1,0,0,0,0,0,0,0,0,55811
Heracleum sphondylium,0,0.1294642857142857,0.5,0.5,1,0,0,0,0,0,0,0,0,0,0,0,0,0,0,0,0,0,0,0,0,0,0,0,1,0,0,0,0,0,0,0,0,53094
Deschampsia cespitosa,0,0.6428571428571428,0.5,0.5,0,0,0,1,0,0,0,0,0,0,0,0,0,0,0,0,0,0,0,0,0,0,1,0,0,0,0,0,0,0,0,0,0,76639
Alnus glutinosa,0,0.2008928571428571,0.5927692307692305,0.5972307692307692,0,0,0,0,0,0,0,0,0,0,0,0,0,0,0,1,0,0,0,0,0,0,0,0,0,0,0,1,0,0,0,0,0,966205
Sambucus nigra,1,0.1785714285714285,0.8,0.7,0,0,0,0,0,0,0,0,0,0,0,0,0,0,1,0,0,0,0,0,0,0,1,0,0,0,0,0,0,0,0,0,0,765394
Molinia caerulea,0,0.1875,0.5,0.5,0,0,0,1,0,0,0,0,0,0,0,0,0,0,0,0,0,0,0,0,0,0,1,0,0,0,0,0,0,0,0,0,0,165499
Acer pseudoplatanus,1,0.09375,0.5599999999999998,0.6000000000000001,0,0,0,0,0,0,0,0,0,0,0,0,0,1,0,0,0,0,0,0,0,0,0,0,1,0,0,0,0,1,1,0,0,119791
Cirsium vulgare,1,0.2857142857142857,0.8,0.7,1,0,0,0,0,0,0,0,0,0,0,0,0,0,0,0,0,0,0,0,0,0,0,0,0,1,0,0,0,0,0,0,0,52989
Potentilla erecta,0,0.1875,0.3999999999999999,0.3,1,0,0,0,0,0,0,0,0,0,0,0,0,0,0,0,0,0,0,0,0,0,0,1,0,0,0,0,0,0,0,0,0,132622
Anthriscus sylvestris,0,0.3125,0.5927692307692305,0.5972307692307692,0,0,0,0,0,0,0,0,0,0,0,0,0,0,0,1,0,0,0,0,0,0,0,0,0,0,0,1,0,0,0,0,0,124544
Geranium robertianum,0,0.4285714285714285,0.5,0.5,1,0,0,0,0,0,0,0,0,0,0,0,0,0,0,0,0,0,0,0,0,1,0,0,0,0,0,0,0,0,0,0,0,55925
Poa pratensis,1,0.6830357142857143,0.5599999999999998,0.7,0,0,0,1,0,0,0,0,0,0,0,0,0,0,0,0,0,0,0,0,0,0,0,0,0,1,0,0,1,0,0,1,0,60307
Cirsium palustre,0,0.1473214285714285,0.5927692307692305,0.5972307692307692,0,0,0,0,0,0,0,0,0,0,0,0,0,0,0,1,0,0,0,0,0,0,0,0,0,0,0,1,0,0,0,0,0,160623
Poa annua,1,0.5044642857142857,0.5927692307692305,0.5972307692307692,0,0,0,0,0,0,0,0,0,0,0,0,0,0,0,1,0,0,0,0,0,0,0,0,0,0,0,1,0,0,0,0,0,52808
Betula pendula,0,0.3348214285714285,0.3999999999999999,0.7,0,0,0,0,0,0,0,0,0,0,0,0,0,1,0,0,0,0,0,0,0,0,0,0,0,1,0,0,1,0,0,1,0,83992
Alliaria petiolata,1,0.2633928571428571,0.8,0.7,1,0,0,0,0,0,0,0,0,0,0,0,0,0,0,0,0,0,0,0,0,1,0,0,0,0,0,0,0,0,0,0,0,56061
Bellis perennis,0,0.2366071428571428,0.5,0.5,1,0,0,0,0,0,0,0,0,0,0,0,0,0,0,0,0,0,0,0,0,0,0,0,1,0,0,0,0,0,0,0,0,55563
Vaccinium myrtillus,0,0.2723214285714285,0.1999999999999999,0.0999999999999999,0,0,0,0,0,0,1,0,0,0,0,0,0,0,0,0,0,0,0,0,0,0,1,0,0,0,0,0,0,0,0,0,0,127029
Pteridium aquilinum,1,0.3392857142857142,0.2999999999999999,0.6000000000000001,1,0,0,0,0,0,0,0,0,0,0,0,0,0,0,0,0,0,0,0,0,0,0,1,0,0,0,0,1,0,1,0,0,52681
Veronica chamaedrys,0,0.1964285714285714,0.5,0.5,1,0,0,0,0,0,0,0,0,0,0,0,0,0,0,0,0,0,0,0,0,0,0,1,0,0,0,0,0,0,0,0,0,51610
Equisetum arvense,0,0.6607142857142857,0.1999999999999999,0.6000000000000001,1,0,0,0,0,0,0,0,0,0,0,0,0,0,0,0,0,0,0,0,0,0,0,0,1,0,0,0,1,0,0,1,0,52724
Angelica sylvestris,0,0.2232142857142857,0.5,0.5,1,0,0,0,0,0,0,0,0,0,0,0,0,0,0,0,0,0,0,0,0,0,1,0,0,0,0,0,0,0,0,0,0,158380
Cistus ladanifer,0,0.0223214285714285,0.5927692307692305,0.5972307692307692,0,0,0,0,0,0,0,0,0,0,0,0,0,0,0,1,0,0,0,0,0,0,0,0,0,0,0,1,0,0,0,0,0,76362
Picea abies,0,0.1071428571428571,0.3999999999999999,0.6000000000000001,0,0,0,0,0,0,0,0,0,0,0,0,0,1,0,0,0,0,0,0,0,0,0,0,1,0,0,0,0,0,0,0,1,63567
Hypericum perforatum,1,0.3125,0.7,0.6000000000000001,1,0,0,0,0,0,0,0,0,0,0,0,0,0,0,0,0,0,0,0,0,0,0,0,1,0,0,0,0,0,0,0,0,56077
Daucus carota,1,0.2946428571428571,0.7,0.6000000000000001,1,0,0,0,0,0,0,0,0,0,0,0,0,0,0,0,0,0,0,0,0,0,0,0,0,1,0,0,0,0,0,0,0,76610
Cardamine pratensis,0,0.3348214285714285,0.8,0.7,1,0,0,0,0,0,0,0,0,0,0,0,0,0,0,0,0,0,0,0,0,0,0,1,0,0,0,0,0,0,0,0,0,54531
Geum urbanum,0,0.2276785714285714,0.7,0.6000000000000001,1,0,0,0,0,0,0,0,0,0,0,0,0,0,0,0,0,0,0,0,0,0,1,0,0,0,0,0,0,0,0,0,0,55891
Vicia cracca,1,0.3214285714285714,0.38,0.6000000000000001,0,0,0,0,0,0,0,0,0,0,0,0,0,0,0,0,0,1,0,0,0,0,0,1,0,0,0,0,1,0,1,0,0,52471
Phalaris arundinacea,1,0.6339285714285714,0.38,0.8399999999999999,0,0,0,1,0,0,0,0,0,0,0,0,0,0,0,0,0,0,0,0,0,0,0,0,0,1,0,0,1,0,0,1,0,63337
Juniperus communis,0,0.5803571428571428,0.5927692307692305,0.5972307692307692,0,0,0,0,0,0,0,0,0,0,0,0,0,0,0,1,0,0,0,0,0,0,0,0,0,0,0,1,0,0,0,0,0,58725
Elymus repens,1,0.375,0.4399999999999999,0.76,0,0,0,1,0,0,0,0,0,0,0,0,0,0,0,0,0,0,0,0,0,0,0,0,1,0,0,0,1,0,0,1,0,60284
Galium verum,0,0.34375,0.8,0.7,0,0,0,0,0,0,0,0,0,0,0,0,0,0,0,0,0,1,0,0,0,0,0,0,1,0,0,0,0,0,0,0,0,84328
Acer platanoides,1,0.15625,0.3599999999999999,0.56,0,0,0,0,0,0,0,0,0,0,0,0,0,1,0,0,0,0,0,0,0,0,0,0,0,0,0,1,0,1,0,0,1,54763
Lathyrus pratensis,0,0.3035714285714285,0.8,0.7,0,0,0,0,0,0,0,0,0,0,0,0,0,0,0,0,0,1,0,0,0,0,0,1,0,0,0,0,0,0,0,0,0,125787
Pinus pinaster,1,0.0491071428571428,0.3999999999999999,0.3,0,0,0,0,0,0,0,0,0,0,0,0,0,1,0,0,0,0,0,0,0,0,0,0,0,1,0,0,0,0,0,0,0,82723
Lythrum salicaria,1,0.3482142857142857,0.7,0.6000000000000001,0,0,0,0,0,0,0,0,0,1,0,0,0,0,0,0,0,0,0,0,0,0,0,0,1,0,0,0,0,0,0,0,0,61321
Rumex acetosella,1,0.3571428571428571,0.1999999999999999,0.0999999999999999,1,0,0,0,0,0,0,0,0,0,0,0,0,0,0,0,0,0,0,0,0,0,0,0,0,1,0,0,0,0,0,0,0,53195
Rumex obtusifolius,1,0.21875,0.7,0.6000000000000001,1,0,0,0,0,0,0,0,0,0,0,0,0,0,0,0,0,0,0,0,0,0,0,0,0,1,0,0,0,0,0,0,0,63371
Leucanthemum vulgare,1,0.2410714285714285,0.4399999999999999,0.6000000000000001,1,0,0,0,0,0,0,0,0,0,0,0,0,0,0,0,0,0,0,0,0,0,0,0,0,1,0,0,0,1,1,0,0,56057
Dryopteris filix-mas,0,0.4151785714285714,0.5,0.5,1,0,0,0,0,0,0,0,0,0,0,0,0,0,0,0,0,0,0,0,1,0,0,0,0,0,0,0,0,0,0,0,0,76721
Artemisia vulgaris,1,0.3303571428571428,0.7,0.6000000000000001,0,1,0,0,0,0,0,0,0,0,0,0,0,0,0,0,0,0,0,0,0,0,0,0,1,0,0,0,0,0,0,0,0,52856
Cornus sanguinea,0,0.1741071428571428,0.8,0.7,0,0,0,0,0,1,0,0,0,0,0,0,0,0,0,0,0,0,0,0,0,0,0,1,0,0,0,0,0,0,0,0,0,155124
Fragaria vesca,0,0.4464285714285714,0.8,0.7,1,0,0,0,0,0,0,0,0,0,0,0,0,0,0,0,0,0,0,0,0,0,1,0,0,0,0,0,0,0,0,0,0,50298
Rumex crispus,1,0.3839285714285714,0.5,0.5,1,0,0,0,0,0,0,0,0,0,0,0,0,0,0,0,0,0,0,0,0,0,0,0,1,0,0,0,0,0,0,0,0,53197
Caltha palustris,0,0.53125,0.38,0.56,1,0,0,0,0,0,0,0,0,0,0,0,0,0,0,0,0,0,0,0,0,1,0,0,0,0,0,0,0,0,0,0,1,56224
Galium palustre,0,0.3303571428571428,0.5927692307692305,0.5972307692307692,0,0,0,0,0,0,0,0,0,0,0,0,0,0,0,1,0,0,0,0,0,0,0,0,0,0,0,1,0,0,0,0,0,163184
Polygonum aviculare,1,0.7142857142857142,0.5,0.5,1,0,0,0,0,0,0,0,0,0,0,0,0,0,0,0,0,0,0,0,0,0,0,0,1,0,0,0,0,0,0,0,0,78678
Populus tremula,0,0.2589285714285714,0.3999999999999999,0.3,0,0,0,0,0,0,0,0,0,0,0,0,0,1,0,0,0,0,0,0,0,0,0,0,0,1,0,0,0,0,0,0,0,54840
Epilobium hirsutum,0,0.4285714285714285,0.8999999999999999,0.8,1,0,0,0,0,0,0,0,0,0,0,0,0,0,0,0,0,0,0,0,0,0,0,0,1,0,0,0,0,0,0,0,0,84517
Tussilago farfara,0,0.34375,0.8999999999999999,0.8,1,0,0,0,0,0,0,0,0,0,0,0,0,0,0,0,0,0,0,0,0,0,0,0,1,0,0,0,0,0,0,0,0,56222
Stellaria media,0,0.4151785714285714,0.5927692307692305,0.5972307692307692,0,0,0,0,0,0,0,0,0,0,0,0,0,0,0,1,0,0,0,0,0,0,0,0,0,0,0,1,0,0,0,0,0,53298
Triticum aestivum,1,0.0357142857142857,0.5,0.8,0,0,0,1,0,0,0,0,0,0,0,0,0,0,0,0,0,0,0,0,0,0,0,0,0,0,1,0,0,1,0,1,0,64161
Iris pseudacorus,1,0.2276785714285714,0.8,0.7,1,0,0,0,0,0,0,0,0,0,0,0,0,0,0,0,0,0,0,0,0,0,0,0,1,0,0,0,0,0,0,0,0,47779
Rubus idaeus,0,0.5223214285714285,0.3999999999999999,0.7,0,0,0,0,0,0,0,0,1,0,0,0,0,0,0,0,0,0,0,0,0,0,1,0,0,0,0,0,1,1,1,0,0,54436
Capsella bursa-pastoris,1,0.4151785714285714,0.5927692307692305,0.5972307692307692,1,0,0,0,0,0,0,0,0,0,0,0,0,0,0,0,0,0,0,0,0,0,0,0,0,0,0,1,0,0,0,0,0,56121
Lysimachia vulgaris,0,0.2410714285714285,0.5927692307692305,0.5972307692307692,0,0,0,0,0,0,0,0,0,0,0,0,0,0,0,1,0,0,0,0,0,0,0,0,0,0,0,1,0,0,0,0,0,62338
Jacobaea vulgaris,1,0.2276785714285714,0.5927692307692305,0.5972307692307692,0,0,0,0,0,0,0,0,0,0,0,0,0,0,0,1,0,0,0,0,0,0,0,0,0,0,0,1,0,0,0,0,0,62498
Argentina anserina,0,0.4910714285714285,0.8,0.8,1,0,0,0,0,0,0,0,0,0,0,0,0,0,0,0,0,0,0,0,0,0,0,1,0,0,0,0,1,0,0,1,0,158615
Eupatorium cannabinum,0,0.2232142857142857,0.8,0.7,1,0,0,0,0,0,0,0,0,0,0,0,0,0,0,0,0,0,0,0,0,0,1,0,0,0,0,0,0,0,0,0,0,55976
Medicago lupulina,1,0.3258928571428571,0.5,0.8,1,0,0,0,0,0,0,0,0,0,0,0,0,0,0,0,0,0,0,0,0,0,0,0,1,0,0,0,0,1,1,0,0,57056
Lapsana communis,0,0.2633928571428571,0.8,0.7,1,0,0,0,0,0,0,0,0,0,0,0,0,0,0,0,0,0,0,0,0,1,0,0,0,0,0,0,0,0,0,0,0,55981
Lonicera periclymenum,0,0.0892857142857142,0.3999999999999999,0.3,0,0,0,0,0,0,0,0,0,0,0,0,0,0,0,0,1,0,0,0,0,0,1,0,0,0,0,0,0,0,0,0,0,55885
Solanum dulcamara,1,0.3705357142857142,0.7,0.6000000000000001,0,0,0,0,0,0,0,0,0,0,0,0,1,0,0,0,0,0,0,0,0,0,0,1,0,0,0,0,0,0,0,0,0,55620
Campanula rotundifolia,0,0.2142857142857142,0.3999999999999999,0.3,1,0,0,0,0,0,0,0,0,0,0,0,0,0,0,0,0,0,0,0,0,0,1,0,0,0,0,0,0,0,0,0,0,62312
Calystegia sepium,0,0.6026785714285714,0.5927692307692305,0.5972307692307692,0,0,1,0,0,0,0,0,0,0,0,0,0,0,0,0,0,0,0,0,0,0,0,0,0,0,0,1,0,0,0,0,0,57481
Phleum pratense,1,0.2589285714285714,0.5,0.8800000000000001,0,0,0,1,0,0,0,0,0,0,0,0,0,0,0,0,0,0,0,0,0,0,0,0,1,0,0,0,0,0,0,1,0,57190
Carex flacca,0,0.2366071428571428,0.5927692307692305,0.5972307692307692,0,0,0,1,0,0,0,0,0,0,0,0,0,0,0,0,0,0,0,0,0,0,0,0,0,0,0,1,0,0,0,0,0,159951
Aegopodium podagraria,0,0.1607142857142857,0.5927692307692305,0.5972307692307692,0,0,0,0,0,0,0,0,0,0,0,0,0,0,0,1,0,0,0,0,0,0,0,0,0,0,0,1,0,0,0,0,0,51741
Ilex aquifolium,1,0.1160714285714285,0.2999999999999999,0.1999999999999999,0,0,0,0,0,0,0,1,0,0,0,0,0,0,0,0,0,0,0,0,0,0,1,0,0,0,0,0,0,0,0,0,0,53856
Vicia sativa,0,0.4464285714285714,0.6000000000000001,0.6000000000000001,0,0,0,0,0,0,0,0,0,0,0,0,0,0,0,0,0,1,0,0,0,0,0,1,0,0,0,0,0,0,0,1,0,53324
Lycopus europaeus,0,0.2946428571428571,0.5927692307692305,0.5972307692307692,0,0,0,0,0,0,0,0,0,0,0,0,0,0,0,1,0,0,0,0,0,0,0,0,0,0,0,1,0,0,0,0,0,133036
Betula pubescens,0,0.1875,0.5927692307692305,0.5972307692307692,0,0,0,0,0,0,0,0,0,0,0,0,0,0,0,1,0,0,0,0,0,0,0,0,0,0,0,1,0,0,0,0,0,119061
Potentilla reptans,0,0.2991071428571428,0.8,0.7,1,0,0,0,0,0,0,0,0,0,0,0,0,0,0,0,0,0,0,0,0,0,0,0,1,0,0,0,0,0,0,0,0,167373
Senecio vulgaris,0,0.3482142857142857,0.3999999999999999,0.9000000000000001,1,0,0,0,0,0,0,0,0,0,0,0,0,0,0,0,0,0,0,0,0,0,0,0,1,0,0,0,0,0,0,1,0,53211
Convolvulus arvensis,1,0.4196428571428571,0.5927692307692305,0.5972307692307692,0,0,0,0,0,0,0,0,0,0,0,0,0,0,0,1,0,0,0,0,0,0,0,0,0,0,0,1,0,0,0,0,0,53021
Athyrium filix-femina,0,0.3392857142857142,0.2999999999999999,0.6000000000000001,1,0,0,0,0,0,0,0,0,0,0,0,0,0,0,0,0,0,0,0,1,0,0,0,0,0,0,0,1,0,1,0,0,52669
Mentha aquatica,0,0.3080357142857142,0.5,0.5,1,0,0,0,0,0,0,0,0,0,0,0,0,0,0,0,0,0,0,0,0,0,1,0,0,0,0,0,0,0,0,0,0,77990
Acer campestre,0,0.1383928571428571,0.8,0.7,0,0,0,0,0,0,0,0,0,0,0,0,0,0,1,0,0,0,0,0,0,0,0,0,0,1,0,0,0,0,0,0,0,56193
Centaurea jacea,0,0.1875,0.7,0.6000000000000001,1,0,0,0,0,0,0,0,0,0,0,0,0,0,0,0,0,0,0,0,0,0,0,0,0,1,0,0,0,0,0,0,0,55713
Ajuga reptans,0,0.1741071428571428,0.0,0.0,0,0,0,0,0,0,0,0,0,0,0,0,0,0,0,1,0,0,0,0,0,0,0,0,1,0,0,0,0,0,0,0,0,56099
Bromus hordeaceus,1,0.3214285714285714,0.5927692307692305,0.5972307692307692,0,0,0,0,0,0,0,0,0,0,0,0,0,0,0,1,0,0,0,0,0,0,0,0,0,0,0,1,0,0,0,0,0,52703
Silene flos-cuculi,0,0.1875,0.5927692307692305,0.5972307692307692,0,0,0,0,0,0,0,0,0,0,0,0,0,0,0,1,0,0,0,0,0,0,0,0,0,0,0,1,0,0,0,0,0,740984
Stellaria graminea,0,0.2455357142857142,0.5927692307692305,0.5972307692307692,0,0,0,0,0,0,0,0,0,0,0,0,0,0,0,1,0,0,0,0,0,0,0,0,0,0,0,1,0,0,0,0,0,61948
Lamium galeobdolon,0,0.1428571428571428,0.7,0.6000000000000001,0,0,0,0,0,0,0,0,0,0,0,0,0,0,0,1,0,0,0,0,0,1,0,0,0,0,0,0,0,0,0,0,0,204339
Sonchus asper,0,0.4241071428571428,0.8,0.7,1,0,0,0,0,0,0,0,0,0,0,0,0,0,0,0,0,0,0,0,0,0,0,0,1,0,0,0,0,0,0,0,0,53269
Prunus avium,1,0.1741071428571428,0.5,0.5,0,0,0,0,0,0,0,0,0,0,0,0,0,1,0,0,0,0,0,0,0,0,0,0,1,0,0,0,0,0,0,0,0,61964
Ligustrum vulgare,1,0.1339285714285714,0.5927692307692305,0.5972307692307692,0,0,0,0,0,0,0,0,0,0,0,0,0,0,0,1,0,0,0,0,0,0,0,0,0,0,0,1,0,0,0,0,0,119805
Salvia rosmarinus,0,0.0848214285714285,0.3999999999999999,0.7,0,0,0,0,0,0,1,0,0,0,0,0,0,0,0,0,0,0,0,0,0,0,0,0,0,0,0,1,0,0,1,0,0,636795
Tanacetum vulgare,0,0.2678571428571428,0.8999999999999999,0.8,1,0,0,0,0,0,0,0,0,0,0,0,0,0,0,0,0,0,0,0,0,0,0,0,0,1,0,0,0,0,0,0,0,55971
Silene dioica,0,0.125,0.8,0.7,1,0,0,0,0,0,0,0,0,0,0,0,0,0,0,0,0,0,0,0,0,0,1,0,0,0,0,0,0,0,0,0,0,55759
Luzula campestris,0,0.15625,0.2999999999999999,0.1999999999999999,0,0,0,1,0,0,0,0,0,0,0,0,0,0,0,0,0,0,0,0,0,0,0,0,1,0,0,0,0,0,0,0,0,55795
Primula veris,0,0.2008928571428571,0.8999999999999999,0.8,1,0,0,0,0,0,0,0,0,0,0,0,0,0,0,0,0,0,0,0,0,0,0,0,1,0,0,0,0,0,0,0,0,55819
Chelidonium majus,1,0.28125,0.5927692307692305,0.5972307692307692,0,0,0,0,0,0,0,0,0,0,0,0,0,0,0,1,0,0,0,0,0,0,0,0,0,0,0,1,0,0,0,0,0,55757
Rosmarinus officinalis,0,0.0,0.5927692307692305,0.5972307692307692,0,0,0,0,0,0,0,0,0,0,0,0,0,0,0,1,0,0,0,0,0,0,0,0,0,0,0,1,0,0,0,0,0,636795
Oxalis acetosella,0,0.2633928571428571,0.3999999999999999,0.3,0,0,0,0,0,0,0,0,0,0,0,0,0,0,0,1,0,0,0,0,0,1,0,0,0,0,0,0,0,0,0,0,0,69624
Impatiens glandulifera,1,0.0133928571428571,0.8,0.7,1,0,0,0,0,0,0,0,0,0,0,0,0,0,0,0,0,0,0,0,0,0,1,0,0,0,0,0,0,0,0,0,0,47892
Carpinus betulus,1,0.1294642857142857,0.5,0.5,0,0,0,0,0,0,0,0,0,0,0,0,0,1,0,0,0,0,0,0,0,0,0,0,1,0,0,0,0,0,0,0,0,55801
Rosa canina,0,0.2544642857142857,0.5,0.5,0,0,0,0,0,0,0,0,0,0,0,0,0,0,0,0,0,0,0,1,0,0,0,0,1,0,0,0,0,0,0,0,0,55884
Juncus articulatus,0,0.5892857142857143,0.3599999999999999,0.7,0,0,0,1,0,0,0,0,0,0,0,0,0,0,0,0,0,0,0,0,0,0,0,0,0,1,0,0,1,0,1,0,0,77552
Vicia sepium,0,0.2232142857142857,0.7,0.6000000000000001,0,0,0,0,0,0,0,0,0,0,0,0,0,0,0,0,0,1,0,0,0,0,0,1,0,0,0,0,0,0,0,0,0,127345
Lamium purpureum,0,0.2321428571428571,0.8,0.7,1,0,0,0,0,0,0,0,0,0,0,0,0,0,0,0,0,0,0,0,0,0,0,0,1,0,0,0,0,0,0,0,0,55851
Rubus fruticosus,1,0.0848214285714285,0.5927692307692305,0.5972307692307692,0,0,0,0,0,0,0,0,0,0,0,0,0,0,0,1,0,0,0,0,0,0,0,0,0,0,0,1,0,0,0,0,0,1090496
Frangula alnus,1,0.2142857142857142,0.3999999999999999,0.5,0,0,0,0,0,0,0,0,0,0,0,0,0,0,1,0,0,0,0,0,0,0,0,0,0,0,0,1,0,0,0,1,0,55972
Chenopodium album,1,0.59375,0.5,0.5,1,0,0,0,0,0,0,0,0,0,0,0,0,0,0,0,0,0,0,0,0,0,0,0,0,1,0,0,0,0,0,0,0,58127
Carex nigra,0,0.3035714285714285,0.5927692307692305,0.5972307692307692,0,0,0,0,0,0,0,0,0,0,0,0,0,0,0,1,0,0,0,0,0,0,0,0,0,0,0,1,0,0,0,0,0,160036
Sonchus oleraceus,1,0.3258928571428571,0.8999999999999999,0.8,1,0,0,0,0,0,0,0,0,0,0,0,0,0,0,0,0,0,0,0,0,0,0,0,0,1,0,0,0,0,0,0,0,53294
Scorzoneroides autumnalis,0,0.1875,0.5,0.5,1,0,0,0,0,0,0,0,0,0,0,0,0,0,0,0,0,0,0,0,0,0,0,0,0,1,0,0,0,0,0,0,0,204167
Brachypodium sylvaticum,1,0.4107142857142857,0.7,0.6000000000000001,0,0,0,1,0,0,0,0,0,0,0,0,0,0,0,0,0,0,0,0,0,1,0,0,0,0,0,0,0,0,0,0,0,75865
Glyceria fluitans,0,0.1919642857142857,0.3999999999999999,0.3,0,0,0,1,0,0,0,0,0,0,0,0,0,0,0,0,0,0,0,0,0,0,0,0,1,0,0,0,0,0,0,0,0,77290
Olea europaea,1,0.2544642857142857,0.7,0.6000000000000001,0,0,0,0,0,0,0,0,0,0,0,0,0,0,1,0,0,0,0,0,0,0,0,0,0,1,0,0,0,0,0,0,0,57140
Pinus halepensis,1,0.0803571428571428,0.8,0.7,0,0,0,0,0,0,0,0,0,0,0,0,0,1,0,0,0,0,0,0,0,0,0,0,0,1,0,0,0,0,0,0,0,82722
Lotus pedunculatus,0,0.1517857142857142,0.6000000000000001,0.6599999999999999,1,0,0,0,0,0,0,0,0,0,0,0,0,0,0,0,0,0,0,0,0,0,0,0,1,0,0,0,0,0,1,0,0,164834
Stachys sylvatica,0,0.2053571428571428,0.8,0.7,1,0,0,0,0,0,0,0,0,0,0,0,0,0,0,0,0,0,0,0,0,1,0,0,0,0,0,0,0,0,0,0,0,129850
Alopecurus pratensis,0,0.2544642857142857,0.5927692307692305,0.5972307692307692,0,0,0,0,0,0,0,0,0,0,0,0,0,0,0,1,0,0,0,0,0,0,0,0,0,0,0,1,0,0,0,0,0,71141
Euonymus europaeus,0,0.1651785714285714,0.8,0.7,0,0,0,0,0,0,0,1,0,0,0,0,0,0,0,0,0,0,0,0,0,0,0,1,0,0,0,0,0,0,0,0,0,55847
Solidago virgaurea,0,0.2678571428571428,0.5,0.5,0,0,0,0,0,0,0,0,0,0,0,0,0,0,0,1,0,0,0,0,0,0,0,1,0,0,0,0,0,0,0,0,0,118850
Knautia arvensis,0,0.1741071428571428,0.8,0.7,1,0,0,0,0,0,0,0,0,0,0,0,0,0,0,0,0,0,0,0,0,0,0,0,1,0,0,0,0,0,0,0,0,129115
Cytisus scoparius,1,0.1294642857142857,0.5,0.6000000000000001,0,0,0,0,0,1,0,0,0,0,0,0,0,0,0,0,0,0,0,0,0,0,0,0,0,1,0,0,0,0,0,1,0,48538
Succisa pratensis,0,0.1919642857142857,0.5,0.5,1,0,0,0,0,0,0,0,0,0,0,0,0,0,0,0,0,0,0,0,0,0,0,1,0,0,0,0,0,0,0,0,0,131203
Galeopsis tetrahit,0,0.15625,0.5,0.5,1,0,0,0,0,0,0,0,0,0,0,0,0,0,0,0,0,0,0,0,0,0,1,0,0,0,0,0,0,0,0,0,0,55979
Veronica officinalis,0,0.2142857142857142,0.2999999999999999,0.1999999999999999,1,0,0,0,0,0,0,0,0,0,0,0,0,0,0,0,0,0,0,0,0,0,1,0,0,0,0,0,0,0,0,0,0,129020
Ranunculus flammula,0,0.3482142857142857,0.6000000000000001,0.7,1,0,0,0,0,0,0,0,0,0,0,0,0,0,0,0,0,0,0,0,0,0,0,0,1,0,0,0,1,0,1,0,0,67826
Briza media,0,0.2410714285714285,0.8,0.7,0,0,0,1,0,0,0,0,0,0,0,0,0,0,0,0,0,0,0,0,0,0,0,0,0,1,0,0,0,0,0,0,0,159452
Viburnum opulus,0,0.1785714285714285,0.4399999999999999,0.6000000000000001,0,0,0,0,0,0,0,0,0,0,0,0,0,0,1,0,0,0,0,0,0,0,0,1,0,0,0,0,0,1,0,0,1,55969
Linaria vulgaris,1,0.2544642857142857,0.5927692307692305,0.5972307692307692,0,0,0,0,0,0,0,0,0,0,0,0,0,0,0,1,0,0,0,0,0,0,0,0,0,0,0,1,0,0,0,0,0,50790
Cerastium fontanum,0,0.125,0.5,0.5,1,0,0,0,0,0,0,0,0,0,0,0,0,0,0,0,0,0,0,0,0,0,0,0,1,0,0,0,0,0,0,0,0,53307
Prunus padus,0,0.2633928571428571,0.3999999999999999,0.6000000000000001,0,0,0,0,0,0,0,1,0,0,0,0,0,0,0,0,0,0,0,0,0,0,0,1,0,0,0,0,0,1,1,0,0,143793
Cynosurus cristatus,0,0.1830357142857142,0.5,0.5,0,0,0,1,0,0,0,0,0,0,0,0,0,0,0,0,0,0,0,0,0,0,0,0,0,1,0,0,0,0,0,0,0,76581
Oryza sativa,1,0.0133928571428571,0.8,0.7,0,0,0,1,0,0,0,0,0,0,0,0,0,0,0,0,0,0,0,0,0,0,0,0,0,0,1,0,0,0,0,0,0,61381
Galium mollugo,0,0.1785714285714285,0.8,0.7,1,0,0,0,0,0,0,0,0,0,0,0,0,0,0,0,0,0,0,0,0,0,0,0,0,1,0,0,0,0,0,0,0,77206
Veronica persica,0,0.0133928571428571,0.8,0.7,1,0,0,0,0,0,0,0,0,0,0,0,0,0,0,0,0,0,0,0,0,0,0,0,1,0,0,0,0,0,0,0,0,55666
Equisetum fluviatile,0,0.46875,0.2999999999999999,0.4000000000000001,1,0,0,0,0,0,0,0,0,0,0,0,0,0,0,0,0,0,0,0,0,0,0,0,1,0,0,0,1,0,0,1,0,47745
Eriophorum angustifolium,0,0.40625,0.1999999999999999,0.5,0,0,0,1,0,0,0,0,0,0,0,0,0,0,0,0,0,0,0,0,0,0,0,0,0,1,0,0,0,0,1,0,0,127215
Clematis vitalba,0,0.1473214285714285,0.8,0.7,0,0,0,0,0,0,0,0,0,0,0,0,0,0,0,0,1,0,0,0,0,0,0,1,0,0,0,0,0,0,0,0,0,160697
Silene vulgaris,1,0.3705357142857142,0.8,0.7,1,0,0,0,0,0,0,0,0,0,0,0,0,0,0,0,0,0,0,0,0,0,0,0,0,1,0,0,0,0,0,0,0,55721
Erigeron canadensis,1,0.40625,0.3599999999999999,0.6400000000000001,1,0,0,0,0,0,0,0,0,0,0,0,0,0,0,0,0,0,0,0,0,0,0,0,0,1,0,0,0,0,0,1,0,76907
Vaccinium vitis-idaea,0,0.3660714285714285,0.2999999999999999,0.4000000000000001,0,0,0,0,0,0,1,0,0,0,0,0,0,0,0,0,0,0,0,0,0,0,1,0,0,0,0,0,1,1,1,0,0,56312
Myosotis scorpioides,0,0.21875,0.5,0.7,1,0,0,0,0,0,0,0,0,0,0,0,0,0,0,0,0,0,0,0,0,0,0,0,0,1,0,0,1,0,1,0,0,49130
Dryopteris carthusiana,0,0.4107142857142857,0.3999999999999999,0.3,1,0,0,0,0,0,0,0,0,0,0,0,0,0,0,0,0,0,0,0,1,0,0,0,0,0,0,0,0,0,0,0,0,82564
Euphorbia cyparissias,0,0.1428571428571428,0.8,0.7,1,0,0,0,0,0,0,0,0,0,0,0,0,0,0,0,0,0,0,0,0,0,0,0,0,1,0,0,0,0,0,0,0,55766
Carex panicea,0,0.2053571428571428,0.5927692307692305,0.5972307692307692,0,0,0,0,0,0,0,0,0,0,0,0,0,0,0,1,0,0,0,0,0,0,0,0,0,0,0,1,0,0,0,0,0,160056
Typha latifolia,0,0.7098214285714285,0.5,0.94,1,0,0,0,0,0,0,0,0,0,0,0,0,0,0,0,0,0,0,0,0,0,0,0,0,1,0,0,1,1,0,1,0,48685
Bromus erectus,1,0.1339285714285714,0.5927692307692305,0.5972307692307692,0,0,0,0,0,0,0,0,0,0,0,0,0,0,0,1,0,0,0,0,0,0,0,0,0,0,0,1,0,0,0,0,0,159458
Rabelera holostea,0,0.1875,0.5927692307692305,0.5972307692307692,0,0,0,0,0,0,0,0,0,0,0,0,0,0,0,1,0,0,0,0,0,0,0,0,0,0,0,1,0,0,0,0,0,1024536
Veronica arvensis,0,0.2767857142857142,0.7,0.6000000000000001,1,0,0,0,0,0,0,0,0,0,0,0,0,0,0,0,0,0,0,0,0,0,0,0,1,0,0,0,0,0,0,0,0,55748
Pinus pinea,0,0.0625,0.8,0.7,0,0,0,0,0,0,0,0,0,0,0,0,0,1,0,0,0,0,0,0,0,0,0,0,0,1,0,0,0,0,0,0,0,63621
Silene latifolia,0,0.2589285714285714,0.5,0.5,1,0,0,0,0,0,0,0,0,0,0,0,0,0,0,0,0,0,0,0,0,0,0,0,0,1,0,0,0,0,0,0,0,79109
Reynoutria japonica,1,0.0625,0.5,0.5,0,0,0,0,0,0,0,0,0,0,0,0,0,0,0,1,0,0,0,0,0,0,0,0,1,0,0,0,0,0,0,0,0,914922
Ranunculus bulbosus,0,0.1830357142857142,0.8,0.7,1,0,0,0,0,0,0,0,0,0,0,0,0,0,0,0,0,0,0,0,0,0,0,0,0,1,0,0,0,0,0,0,0,78820
Viola riviniana,0,0.1696428571428571,0.5927692307692305,0.5972307692307692,0,0,0,0,0,0,0,0,0,0,0,0,0,0,0,1,0,0,0,0,0,0,0,0,0,0,0,1,0,0,0,0,0,61481
Teucrium scorodonia,0,0.09375,0.3999999999999999,0.3,0,0,0,0,0,0,0,0,0,1,0,0,0,0,0,0,0,0,0,0,0,0,1,0,0,0,0,0,0,0,0,0,0,57439
Nardus stricta,0,0.2410714285714285,0.1999999999999999,0.0999999999999999,0,0,0,1,0,0,0,0,0,0,0,0,0,0,0,0,0,0,0,0,0,0,0,0,0,1,0,0,0,0,0,0,0,165653
Trifolium dubium,1,0.1785714285714285,0.7,0.6000000000000001,1,0,0,0,0,0,0,0,0,0,0,0,0,0,0,0,0,0,0,0,0,0,0,1,0,0,0,0,0,0,0,0,0,53313
Carex hirta,0,0.1696428571428571,0.8,0.7,0,0,0,1,0,0,0,0,0,0,0,0,0,0,0,0,0,0,0,0,0,0,0,0,1,0,0,0,0,0,0,0,0,159973
Equisetum palustre,0,0.4598214285714285,0.5,0.5,1,0,0,0,0,0,0,0,0,0,0,0,0,0,0,0,0,0,0,0,0,0,0,0,1,0,0,0,0,0,0,0,0,76846
Matricaria discoidea,1,0.2633928571428571,0.7,0.6000000000000001,1,0,0,0,0,0,0,0,0,0,0,0,0,0,0,0,0,0,0,0,0,0,0,0,0,1,0,0,0,0,0,0,0,52992
Pimpinella saxifraga,0,0.1919642857142857,0.8,0.7,1,0,0,0,0,0,0,0,0,0,0,0,0,0,0,0,0,0,0,0,0,0,0,0,1,0,0,0,0,0,0,0,0,166880
Poa nemoralis,0,0.5625,0.5,0.5,0,0,0,1,0,0,0,0,0,0,0,0,0,0,0,0,0,0,0,0,0,0,1,0,0,0,0,0,1,0,1,0,0,58382
Carex rostrata,0,0.3214285714285714,0.5927692307692305,0.5972307692307692,0,0,0,0,0,0,0,0,0,0,0,0,0,0,0,1,0,0,0,0,0,0,0,0,0,0,0,1,0,0,0,0,0,76124
Empetrum nigrum,0,0.34375,0.2599999999999999,0.76,0,0,0,0,0,0,0,0,0,0,1,0,0,0,0,0,0,0,0,0,0,0,0,0,1,0,0,0,1,1,0,0,1,76812
Hordeum vulgare,0,0.0044642857142857,0.3999999999999999,0.9000000000000001,0,0,0,1,0,0,0,0,0,0,0,0,0,0,0,0,0,0,0,0,0,0,0,0,0,1,0,0,0,1,0,1,0,57182
Agrimonia eupatoria,0,0.2678571428571428,0.5927692307692305,0.5972307692307692,0,0,0,0,0,0,0,0,0,0,0,0,0,0,0,1,0,0,0,0,0,0,0,0,0,0,0,1,0,0,0,0,0,55893
Dryopteris dilatata,0,0.1696428571428571,0.3999999999999999,0.3,0,0,0,0,0,0,0,0,0,0,0,0,0,0,0,1,0,0,0,0,1,0,0,0,0,0,0,0,0,0,0,0,0,64055
Lonicera xylosteum,0,0.1517857142857142,0.8,0.7,0,0,0,0,0,1,0,0,0,0,0,0,0,0,0,0,0,0,0,0,0,0,0,1,0,0,0,0,0,0,0,0,0,124548
Lysimachia arvensis,1,0.3571428571428571,0.7,0.6000000000000001,0,0,0,0,0,0,0,0,0,0,0,0,0,0,0,1,0,0,0,0,0,0,0,0,1,0,0,0,0,0,0,0,0,791928
Festuca ovina,0,0.3169642857142857,0.5,0.5,0,0,0,1,0,0,0,0,0,0,0,0,0,0,0,0,0,0,0,0,0,0,0,0,0,1,0,0,1,0,1,0,0,61061
Bromus sterilis,1,0.2142857142857142,0.5927692307692305,0.5972307692307692,0,0,0,0,0,0,0,0,0,0,0,0,0,0,0,1,0,0,0,0,0,0,0,0,0,0,0,1,0,0,0,0,0,58369
Rubus caesius,0,0.2410714285714285,0.8,0.7,0,0,0,0,0,0,0,0,1,0,0,0,0,0,0,0,0,0,0,0,0,0,0,1,0,0,0,0,0,0,0,0,0,64546
Lamium album,0,0.2901785714285714,0.5927692307692305,0.5972307692307692,0,0,0,0,0,0,0,0,0,0,0,0,0,0,0,1,0,0,0,0,0,0,0,0,0,0,0,1,0,0,0,0,0,55876
Lolium arundinaceum,1,0.2767857142857142,0.5927692307692305,0.5972307692307692,0,0,0,0,0,0,0,0,0,0,0,0,0,0,0,1,0,0,0,0,0,0,0,0,0,0,0,1,0,0,0,0,0,164708
Myosotis arvensis,1,0.2366071428571428,0.5,0.5,1,0,0,0,0,0,0,0,0,0,0,0,0,0,0,0,0,0,0,0,0,0,0,1,0,0,0,0,0,0,0,0,0,51726
Luzula multiflora,0,0.5223214285714285,0.5927692307692305,0.5972307692307692,0,0,0,0,0,0,0,0,0,0,0,0,0,0,0,1,0,0,0,0,0,0,0,0,0,0,0,1,0,0,0,0,0,164948
Castanea sativa,0,0.0491071428571428,0.5927692307692305,0.5972307692307692,0,0,0,0,0,0,0,0,0,0,0,0,0,0,0,1,0,0,0,0,0,0,0,0,0,0,0,1,0,0,0,0,0,121763
Holcus mollis,0,0.1383928571428571,0.2999999999999999,0.1999999999999999,0,0,0,1,0,0,0,0,0,0,0,0,0,0,0,0,0,0,0,0,0,0,1,0,0,0,0,0,0,0,0,0,0,77427
Origanum vulgare,0,0.3392857142857142,0.8,0.7,1,0,0,0,0,0,0,0,0,0,0,0,0,0,0,0,0,0,0,0,0,0,0,1,0,0,0,0,0,0,0,0,0,61396
Symphytum officinale,0,0.1339285714285714,0.8,0.7,1,0,0,0,0,0,0,0,0,0,0,0,0,0,0,0,0,0,0,0,0,0,0,0,1,0,0,0,0,0,0,0,0,55724
Lemna minor,0,0.75,0.2199999999999998,0.9600000000000002,1,0,0,0,0,0,0,0,0,0,0,0,0,0,0,0,0,0,0,0,0,0,0,0,1,0,0,0,0,0,0,1,0,54518
Digitalis purpurea,1,0.0535714285714285,0.5927692307692305,0.5972307692307692,0,0,0,0,0,0,0,0,0,0,0,0,0,0,0,1,0,0,0,0,0,0,0,0,0,0,0,1,0,0,0,0,0,53983
Pilosella officinarum,1,0.1696428571428571,0.5927692307692305,0.5972307692307692,1,0,0,0,0,0,0,0,0,0,0,0,0,0,0,0,0,0,0,0,0,0,0,0,0,0,0,1,0,0,0,0,0,402509
Erodium cicutarium,1,0.3883928571428571,0.5927692307692305,0.5972307692307692,1,0,0,0,0,0,0,0,0,0,0,0,0,0,0,0,0,0,0,0,0,0,0,0,0,0,0,1,0,0,0,0,0,47687
Valeriana officinalis,0,0.1294642857142857,0.8,0.7,1,0,0,0,0,0,0,0,0,0,0,0,0,0,0,0,0,0,0,0,0,0,0,0,1,0,0,0,0,0,0,0,0,56160
Papaver rhoeas,0,0.25,0.8,0.7,1,0,0,0,0,0,0,0,0,0,0,0,0,0,0,0,0,0,0,0,0,0,0,0,0,1,0,0,0,0,0,0,0,54404
Viburnum lantana,0,0.1071428571428571,0.5,0.7,0,0,0,0,0,0,0,0,0,0,0,0,0,0,1,0,0,0,0,0,0,0,0,0,1,0,0,0,0,1,0,0,1,124741
Anthyllis vulneraria,0,0.2321428571428571,0.8,0.7,1,0,0,0,0,0,0,0,0,0,0,0,0,0,0,0,0,0,0,0,0,0,0,0,0,1,0,0,0,0,0,0,0,82685
Echium vulgare,1,0.2232142857142857,0.7,0.6000000000000001,1,0,0,0,0,0,0,0,0,0,0,0,0,0,0,0,0,0,0,0,0,0,0,0,0,1,0,0,0,0,0,0,0,56174
Comarum palustre,0,0.4196428571428571,0.5927692307692305,0.5972307692307692,0,0,0,0,0,0,0,0,0,0,0,0,0,0,0,1,0,0,0,0,0,0,0,0,0,0,0,1,0,0,0,0,0,62213
Scrophularia nodosa,0,0.1785714285714285,0.7,0.6000000000000001,1,0,0,0,0,0,0,0,0,0,0,0,0,0,0,0,0,0,0,0,0,0,1,0,0,0,0,0,0,0,0,0,0,124485
Humulus lupulus,0,0.2098214285714285,0.8,0.7,0,0,0,0,0,0,0,0,0,0,0,0,0,0,0,0,0,1,0,0,0,0,1,0,0,0,0,0,0,0,0,0,0,53779
Mercurialis perennis,0,0.1696428571428571,0.7,0.6000000000000001,0,0,0,0,0,0,0,0,0,0,0,0,0,0,0,1,0,0,0,0,1,0,0,0,0,0,0,0,0,0,0,0,0,126757
Convallaria majalis,0,0.1607142857142857,0.5,0.7,1,0,0,0,0,0,0,0,0,0,0,0,0,0,0,0,0,0,0,0,0,1,0,0,0,0,0,0,1,0,0,0,1,48206
Robinia pseudoacacia,1,0.0357142857142857,0.3199999999999998,0.8399999999999999,0,0,0,0,0,0,0,0,0,0,0,0,0,1,0,0,0,0,0,0,0,0,0,0,0,1,0,0,0,1,0,1,0,56088
Persicaria maculosa,0,0.34375,0.1999999999999999,0.9000000000000001,1,0,0,0,0,0,0,0,0,0,0,0,0,0,0,0,0,0,0,0,0,0,0,0,1,0,0,0,0,0,0,1,0,56166
Carex sylvatica,0,0.1741071428571428,0.5927692307692305,0.5972307692307692,0,0,0,0,0,0,0,0,0,0,0,0,0,0,0,1,0,0,0,0,0,0,0,0,0,0,0,1,0,0,0,0,0,69640
Juncus bufonius,0,0.9508928571428572,0.3199999999999998,0.72,0,0,0,1,0,0,0,0,0,0,0,0,0,0,0,0,0,0,0,0,0,0,0,0,1,0,0,0,0,0,0,1,0,57107
Crepis capillaris,0,0.1428571428571428,0.5927692307692305,0.5972307692307692,0,0,0,0,0,0,0,0,0,0,0,0,0,0,0,1,0,0,0,0,0,0,0,0,0,0,0,1,0,0,0,0,0,54050
Potentilla anserina,0,0.0,0.5927692307692305,0.5972307692307692,0,0,0,0,0,0,0,0,0,0,0,0,0,0,0,1,0,0,0,0,0,0,0,0,0,0,0,1,0,0,0,0,0,158615
Alisma plantago-aquatica,0,0.4241071428571428,0.5927692307692305,0.5972307692307692,0,0,0,0,0,0,0,0,0,0,0,0,0,0,0,1,0,0,0,0,0,0,0,0,0,0,0,1,0,0,0,0,0,60253
Platanus acerifolia,0,0.0,0.5927692307692305,0.5972307692307692,0,0,0,0,0,0,0,0,0,0,0,0,0,0,0,1,0,0,0,0,0,0,0,0,0,0,0,1,0,0,0,0,0,
Geranium dissectum,1,0.2455357142857142,0.8999999999999999,0.8,1,0,0,0,0,0,0,0,0,0,0,0,0,0,0,0,0,0,0,0,0,0,0,0,1,0,0,0,0,0,0,0,0,58917
Ononis spinosa,0,0.25,0.5927692307692305,0.5972307692307692,0,0,0,0,0,0,0,0,0,0,0,0,0,0,0,1,0,0,0,0,0,0,0,0,0,0,0,1,0,0,0,0,0,82730
Neottia ovata,0,0.2366071428571428,0.8,0.7,0,0,0,0,0,0,0,0,0,0,0,0,0,0,0,1,0,0,0,0,1,0,0,0,0,0,0,0,0,0,0,0,0,341154
Plantago media,0,0.21875,0.8,0.7,1,0,0,0,0,0,0,0,0,0,0,0,0,0,0,0,0,0,0,0,0,0,0,0,1,0,0,0,0,0,0,0,0,59779
Lolium pratense,1,0.2633928571428571,0.5927692307692305,0.5972307692307692,0,0,0,0,0,0,0,0,0,0,0,0,0,0,0,1,0,0,0,0,0,0,0,0,0,0,0,1,0,0,0,0,0,866252
Epipactis helleborine,0,0.3125,0.5,0.5,1,0,0,0,0,0,0,0,0,0,0,0,0,0,0,0,0,0,0,0,1,0,0,0,0,0,0,0,0,0,0,0,0,50717
Brachypodium pinnatum,0,0.28125,0.8,0.7,0,0,0,1,0,0,0,0,0,0,0,0,0,0,0,0,0,0,0,0,0,0,1,0,0,0,0,0,0,0,0,0,0,75864
Calamagrostis epigejos,1,0.3526785714285714,0.5,0.5,0,0,0,1,0,0,0,0,0,0,0,0,0,0,0,0,0,0,0,0,0,0,0,0,1,0,0,0,0,0,0,0,0,204260
Cardamine hirsuta,0,0.3973214285714285,0.5,0.5,1,0,0,0,0,0,0,0,0,0,0,0,0,0,0,0,0,0,0,0,0,0,1,0,0,0,0,0,0,0,0,0,0,55829
Juncus conglomeratus,0,0.1964285714285714,0.5,0.9600000000000002,0,0,0,1,0,0,0,0,0,0,0,0,0,0,0,0,0,0,0,0,0,0,0,0,0,1,0,0,0,0,1,0,0,204335
Quercus petraea,0,0.1651785714285714,0.5,0.5,0,0,0,0,0,0,0,0,0,0,0,0,0,1,0,0,0,0,0,0,0,0,0,0,0,1,0,0,0,0,0,0,0,200942
Lactuca serriola,1,0.3303571428571428,0.8,0.7,1,0,0,0,0,0,0,0,0,0,0,0,0,0,0,0,0,0,0,0,0,0,0,0,1,0,0,0,0,0,0,0,0,53107
Vaccinium uliginosum,0,0.375,0.2999999999999999,0.3400000000000001,0,0,0,0,0,0,0,0,0,0,1,0,0,0,0,0,0,0,0,0,0,0,1,0,0,0,0,0,0,1,1,0,0,64714
Geranium molle,0,0.25,0.5927692307692305,0.5972307692307692,0,0,0,0,0,0,0,0,0,0,0,0,0,0,0,1,0,0,0,0,0,0,0,0,0,0,0,1,0,0,0,0,0,53076
Arum maculatum,0,0.1071428571428571,0.8,0.7,0,0,0,0,0,0,0,0,0,0,0,0,0,0,0,1,0,0,0,0,1,0,0,0,0,0,0,0,0,0,0,0,0,61318
Geranium sylvaticum,0,0.1830357142857142,0.8,0.7,1,0,0,0,0,0,0,0,0,0,0,0,0,0,0,0,0,0,0,0,0,0,1,0,0,0,0,0,0,0,0,0,0,85429
Sedum acre,0,0.1964285714285714,0.7,0.6000000000000001,1,0,0,0,0,0,0,0,0,0,0,0,0,0,0,0,0,0,0,0,0,0,0,0,0,1,0,0,0,0,0,0,0,55734
Polypodium vulgare,0,0.2589285714285714,0.5927692307692305,0.5972307692307692,0,0,0,0,0,0,0,0,0,0,0,0,0,0,0,1,0,0,0,0,0,0,0,0,0,0,0,1,0,0,0,0,0,54411
Zea mays,0,0.0133928571428571,0.5,0.7,0,0,0,1,0,0,0,0,0,0,0,0,0,0,0,0,0,0,0,0,0,0,0,0,0,0,1,0,0,1,0,1,0,48448
Viola arvensis,0,0.21875,0.5927692307692305,0.5972307692307692,0,0,0,0,0,0,0,0,0,0,0,0,0,0,0,1,0,0,0,0,0,0,0,0,0,0,0,1,0,0,0,0,0,55760
Achillea ptarmica,1,0.1428571428571428,0.3999999999999999,0.3,1,0,0,0,0,0,0,0,0,0,0,0,0,0,0,0,0,0,0,0,0,0,0,0,0,1,0,0,0,0,0,0,0,54055
Veronica serpyllifolia,0,0.5892857142857143,0.5,0.5,1,0,0,0,0,0,0,0,0,0,0,0,0,0,0,0,0,0,0,0,0,0,0,0,1,0,0,0,0,0,0,0,0,55749
Tilia cordata,0,0.1741071428571428,0.3599999999999999,0.6400000000000001,0,0,0,0,0,0,0,0,0,0,0,0,0,1,0,0,0,0,0,0,0,0,0,0,1,0,0,0,0,0,1,0,0,132600
Sonchus arvensis,0,0.2678571428571428,0.8,0.7,1,0,0,0,0,0,0,0,0,0,0,0,0,0,0,0,0,0,0,0,0,0,0,0,1,0,0,0,0,0,0,0,0,79156
Pistacia lentiscus,0,0.1026785714285714,0.5,0.5,0,0,0,0,0,1,0,0,0,0,0,0,0,0,0,0,0,0,0,0,0,0,0,0,1,0,0,0,0,0,0,0,0,82600
Epilobium montanum,0,0.21875,0.5,0.5,1,0,0,0,0,0,0,0,0,0,0,0,0,0,0,0,0,0,0,0,0,0,1,0,0,0,0,0,0,0,0,0,0,162364
Salix alba,0,0.2276785714285714,0.5927692307692305,0.5972307692307692,0,0,0,0,0,0,0,0,0,0,0,0,0,0,0,1,0,0,0,0,0,0,0,0,0,0,0,1,0,0,0,0,0,54841
Erica tetralix,0,0.0625,0.1999999999999999,0.0999999999999999,0,0,0,0,0,0,0,0,0,0,1,0,0,0,0,0,0,0,0,0,0,0,0,1,0,0,0,0,0,0,0,0,0,162431
Melampyrum pratense,0,0.1473214285714285,0.2999999999999999,0.1999999999999999,0,0,0,0,0,0,0,0,0,0,0,0,0,0,0,1,0,0,0,0,0,0,0,1,0,0,0,0,0,0,0,0,0,60076
Tripleurospermum inodorum,0,0.2142857142857142,0.7,0.6000000000000001,0,0,0,0,0,0,0,0,0,0,0,0,0,0,0,1,0,0,0,0,0,0,0,0,0,1,0,0,0,0,0,0,0,79441
Eleocharis palustris,0,0.65625,0.1999999999999999,0.8,0,0,0,1,0,0,0,0,0,0,0,0,0,0,0,0,0,0,0,0,0,0,0,0,0,1,0,0,1,0,1,0,0,76782
Solanum nigrum,1,0.4776785714285714,0.8,0.7,0,0,0,0,0,0,0,0,0,1,0,0,0,0,0,0,0,0,0,0,0,0,0,0,1,0,0,0,0,0,0,0,0,79141
Arenaria serpyllifolia,0,0.4196428571428571,0.5927692307692305,0.5972307692307692,0,0,0,0,0,0,0,0,0,0,0,0,0,0,0,1,0,0,0,0,0,0,0,0,0,0,0,1,0,0,0,0,0,75553
Leontodon hispidus,0,0.1651785714285714,0.5927692307692305,0.5972307692307692,0,0,0,0,0,0,0,0,0,0,0,0,0,0,0,1,0,0,0,0,0,0,0,0,0,0,0,1,0,0,0,0,0,164501
Cerastium glomeratum,0,0.3258928571428571,0.5,0.5,1,0,0,0,0,0,0,0,0,0,0,0,0,0,0,0,0,0,0,0,0,0,0,0,1,0,0,0,0,0,0,0,0,52973
Geum rivale,0,0.3392857142857142,0.3599999999999999,0.6000000000000001,1,0,0,0,0,0,0,0,0,0,0,0,0,0,0,0,0,0,0,0,0,0,1,0,0,0,0,0,0,0,1,0,0,55891
Sagina procumbens,0,0.2544642857142857,0.7,0.6000000000000001,1,0,0,0,0,0,0,0,0,0,0,0,0,0,0,0,0,0,0,0,0,0,0,0,0,1,0,0,0,0,0,0,0,55667
Glyceria maxima,1,0.15625,0.8999999999999999,0.8,0,0,0,1,0,0,0,0,0,0,0,0,0,0,0,0,0,0,0,0,0,0,0,0,0,1,0,0,0,0,0,0,0,163336
Carex pilulifera,0,0.1383928571428571,0.5927692307692305,0.5972307692307692,0,0,0,0,0,0,0,0,0,0,0,0,0,0,0,1,0,0,0,0,0,0,0,0,0,0,0,1,0,0,0,0,0,437973
Lysimachia nummularia,0,0.2544642857142857,0.5,0.5,1,0,0,0,0,0,0,0,0,0,0,0,0,0,0,0,0,0,0,0,0,0,1,0,0,0,0,0,0,0,0,0,0,51809
Trifolium campestre,0,0.2767857142857142,0.3999999999999999,0.3,1,0,0,0,0,0,0,0,0,0,0,0,0,0,0,0,0,0,0,0,0,0,0,0,0,1,0,0,0,0,0,0,0,57076
Helianthemum nummularium,0,0.1875,0.8,0.7,0,0,0,0,0,0,0,0,0,0,0,0,0,0,0,1,0,0,0,0,0,0,0,0,1,0,0,0,0,0,0,0,0,84278
Hypnum cupressiforme,0,0.0,0.5927692307692305,0.5972307692307692,0,0,0,0,1,0,0,0,0,0,0,0,0,0,0,0,0,0,0,0,0,0,0,0,0,0,0,1,0,0,0,0,0,163992
Linum catharticum,0,0.1964285714285714,0.8,0.7,1,0,0,0,0,0,0,0,0,0,0,0,0,0,0,0,0,0,0,0,0,0,0,0,0,1,0,0,0,0,0,0,0,84280
Galium odoratum,0,0.2321428571428571,0.5,0.5,1,0,0,0,0,0,0,0,0,0,0,0,0,0,0,0,0,0,0,0,1,0,0,0,0,0,0,0,0,0,0,0,0,56065
Viola palustris,0,0.2544642857142857,0.5927692307692305,0.5972307692307692,0,0,0,0,0,0,0,0,0,0,0,0,0,0,0,1,0,0,0,0,0,0,0,0,0,0,0,1,0,0,0,0,0,79514
Avenella flexuosa,0,0.5044642857142857,0.3599999999999999,0.56,0,0,0,1,0,0,0,0,0,0,0,0,0,0,0,0,0,0,0,0,0,0,1,0,0,0,0,0,0,0,1,0,0,288069
Alopecurus geniculatus,0,0.1741071428571428,0.5927692307692305,0.5972307692307692,0,0,0,0,0,0,0,0,0,0,0,0,0,0,0,1,0,0,0,0,0,0,0,0,0,0,0,1,0,0,0,0,0,75381
Scirpus sylvaticus,0,0.1830357142857142,0.5927692307692305,0.5972307692307692,0,0,0,0,0,0,0,0,0,0,0,0,0,0,0,1,0,0,0,0,0,0,0,0,0,0,0,1,0,0,0,0,0,84512
Luzula pilosa,0,0.1919642857142857,0.3999999999999999,0.3,0,0,0,0,0,0,0,0,0,0,0,0,0,0,0,1,0,0,0,0,0,1,0,0,0,0,0,0,0,0,0,0,0,69613
Veronica beccabunga,0,0.3169642857142857,0.8,0.7,1,0,0,0,0,0,0,0,0,0,0,0,0,0,0,0,0,0,0,0,0,0,0,0,0,1,0,0,0,0,0,0,0,54333
Tragopogon pratensis,0,0.1473214285714285,0.8,0.7,1,0,0,0,0,0,0,0,0,0,0,0,0,0,0,0,0,0,0,0,0,0,0,0,0,1,0,0,0,0,0,0,0,54143
Gymnadenia conopsea,0,0.2678571428571428,0.5927692307692305,0.5972307692307692,1,0,0,0,0,0,0,0,0,0,0,0,0,0,0,0,0,0,0,0,0,0,0,0,0,0,0,1,0,0,0,0,0,131610
Medicago sativa,1,0.0758928571428571,0.6000000000000001,0.9000000000000001,1,0,0,0,0,0,0,0,0,0,0,0,0,0,0,0,0,0,0,0,0,0,0,0,0,1,0,0,0,0,0,1,0,57057
Polygonatum multiflorum,0,0.1517857142857142,0.5,0.5,1,0,0,0,0,0,0,0,0,0,0,0,0,0,0,0,0,0,0,0,0,1,0,0,0,0,0,0,0,0,0,0,0,85327
Circaea lutetiana,0,0.1651785714285714,0.7,0.6000000000000001,1,0,0,0,0,0,0,0,0,0,0,0,0,0,0,0,0,0,0,0,0,1,0,0,0,0,0,0,0,0,0,0,0,204271
Juncus inflexus,0,0.3303571428571428,0.8999999999999999,0.8,0,0,0,1,0,0,0,0,0,0,0,0,0,0,0,0,0,0,0,0,0,0,0,0,0,1,0,0,0,0,0,0,0,164269
Clinopodium vulgare,0,0.2544642857142857,0.8,0.7,1,0,0,0,0,0,0,0,0,0,0,0,0,0,0,0,0,0,0,0,0,0,0,1,0,0,0,0,0,0,0,0,0,84281
Rhinanthus minor,0,0.1875,0.8,0.7,1,0,0,0,0,0,0,0,0,0,0,0,0,0,0,0,0,0,0,0,0,0,0,0,0,1,0,0,0,1,1,0,0,61470
Eriophorum vaginatum,0,0.3705357142857142,0.1999999999999999,0.0999999999999999,0,0,0,1,0,0,0,0,0,0,0,0,0,0,0,0,0,0,0,0,0,0,0,0,1,0,0,0,0,0,0,0,0,128735
Carex leporina,0,0.2544642857142857,0.5927692307692305,0.5972307692307692,0,0,0,0,0,0,0,0,0,0,0,0,0,0,0,1,0,0,0,0,0,0,0,0,0,0,0,1,0,0,0,0,0,76067
Sambucus racemosa,0,0.3303571428571428,0.3999999999999999,0.3,0,0,0,0,0,0,0,0,0,0,0,0,0,0,1,0,0,0,0,0,0,0,1,0,0,0,0,0,0,0,0,0,0,57824
Dactylorhiza maculata,0,0.2142857142857142,0.5,0.5,0,0,0,0,0,0,0,0,0,0,0,0,0,0,0,1,0,0,0,0,0,0,0,0,1,0,0,0,0,0,0,0,0,57630
Galium album,1,0.1785714285714285,0.5927692307692305,0.5972307692307692,0,0,0,0,0,0,0,0,0,0,0,0,0,0,0,1,0,0,0,0,0,0,0,0,0,0,0,1,0,0,0,0,0,163166
Stachys palustris,0,0.2142857142857142,0.54,0.8,1,0,0,0,0,0,0,0,0,0,0,0,0,0,0,0,0,0,0,0,0,0,0,0,1,0,0,0,1,0,1,0,0,57457
Sparganium erectum,0,0.2633928571428571,0.8,0.7,1,0,0,0,0,0,0,0,0,0,0,0,0,0,0,0,0,0,0,0,0,0,0,0,0,1,0,0,0,0,0,0,0,61116
Betonica officinalis,0,0.1696428571428571,0.5,0.5,0,0,0,0,0,0,0,0,0,0,0,0,0,0,0,1,0,0,0,0,0,0,0,1,0,0,0,0,0,0,0,0,0,906118
Lavandula stoechas,0,0.0848214285714285,0.2999999999999999,0.1999999999999999,0,0,0,0,0,1,0,0,0,0,0,0,0,0,0,0,0,0,0,0,0,0,0,0,0,1,0,0,0,0,0,0,0,61904
Dipsacus fullonum,0,0.15625,0.5927692307692305,0.5972307692307692,0,0,0,0,0,0,0,0,0,0,0,0,0,0,0,1,0,0,0,0,0,0,0,0,0,0,0,1,0,0,0,0,0,56002
Menyanthes trifoliata,0,0.5089285714285714,0.3599999999999999,0.5,1,0,0,0,0,0,0,0,0,0,0,0,0,0,0,0,0,0,0,0,0,0,0,0,1,0,0,0,1,0,1,0,0,78016
Sisymbrium officinale,0,0.2455357142857142,0.8,0.7,1,0,0,0,0,0,0,0,0,0,0,0,0,0,0,0,0,0,0,0,0,0,0,0,0,1,0,0,0,0,0,0,0,53266
Maianthemum bifolium,0,0.2366071428571428,0.2999999999999999,0.1999999999999999,0,0,0,0,0,0,0,0,0,0,0,0,0,0,0,1,0,0,0,0,0,1,0,0,0,0,0,0,0,0,0,0,0,50247
Agrostis canina,0,0.2053571428571428,0.5927692307692305,0.5972307692307692,0,0,0,0,0,0,0,0,0,0,0,0,0,0,0,1,0,0,0,0,0,0,0,0,0,0,0,1,0,0,0,0,0,158132
Euphorbia helioscopia,0,0.3571428571428571,0.8,0.7,1,0,0,0,0,0,0,0,0,0,0,0,0,0,0,0,0,0,0,0,0,0,0,0,0,1,0,0,0,0,0,0,0,56292
Ulmus glabra,0,0.1651785714285714,0.5,0.5,0,0,0,0,0,0,0,0,0,0,0,0,0,1,0,0,0,0,0,0,0,0,0,0,1,0,0,0,0,0,0,0,0,170056
Phaseolus vulgaris,1,0.0491071428571428,0.7,0.6000000000000001,0,0,0,0,0,0,0,0,0,0,0,0,0,0,0,0,0,1,0,0,0,0,0,0,0,1,0,0,0,0,0,0,0,122850
Ulex europaeus,1,0.0535714285714285,0.3999999999999999,0.3,0,0,0,0,0,1,0,0,0,0,0,0,0,0,0,0,0,0,0,0,0,0,0,0,0,1,0,0,0,0,0,0,0,51751
Carex arenaria,0,0.0714285714285714,0.5927692307692305,0.5972307692307692,0,0,0,0,0,0,0,0,0,0,0,0,0,0,0,1,0,0,0,0,0,0,0,0,0,0,0,1,0,0,0,0,0,159875
Erigeron annuus,1,0.2366071428571428,0.8,0.7,1,0,0,0,0,0,0,0,0,0,0,0,0,0,0,0,0,0,0,0,0,0,0,0,0,1,0,0,0,0,1,0,0,76897
Trifolium arvense,0,0.2678571428571428,0.5927692307692305,0.5972307692307692,1,0,0,0,0,0,0,0,0,0,0,0,0,0,0,0,0,0,0,0,0,0,0,0,0,0,0,1,0,0,0,0,0,79408
Epilobium palustre,0,0.4776785714285714,0.2999999999999999,0.1999999999999999,1,0,0,0,0,0,0,0,0,0,0,0,0,0,0,0,0,0,0,0,0,0,0,0,0,1,0,0,0,0,0,0,0,76841
Carex acutiformis,0,0.2723214285714285,0.5927692307692305,0.5972307692307692,0,0,0,0,0,0,0,0,0,0,0,0,0,0,0,1,0,0,0,0,0,0,0,0,0,0,0,1,0,0,0,0,0,159858
Saponaria officinalis,1,0.1517857142857142,0.3999999999999999,0.6000000000000001,1,0,0,0,0,0,0,0,0,0,0,0,0,0,0,0,0,0,0,0,0,0,0,0,1,0,0,0,1,0,1,0,0,56154
Carex echinata,0,0.4910714285714285,0.5927692307692305,0.5972307692307692,0,0,0,0,0,0,0,0,0,0,0,0,0,0,0,1,0,0,0,0,0,0,0,0,0,0,0,1,0,0,0,0,0,76035
Centaurea scabiosa,0,0.1964285714285714,0.8999999999999999,0.8,1,0,0,0,0,0,0,0,0,0,0,0,0,0,0,0,0,0,0,0,0,0,0,0,1,0,0,0,0,0,0,0,0,84344
Cichorium intybus,1,0.2678571428571428,0.6000000000000001,0.7,1,0,0,0,0,0,0,0,0,0,0,0,0,0,0,0,0,0,0,0,0,0,0,0,0,1,0,0,0,0,0,1,0,52913
Scutellaria galericulata,0,0.4955357142857142,0.7,0.6000000000000001,1,0,0,0,0,0,0,0,0,0,0,0,0,0,0,0,0,0,0,0,0,0,0,0,1,0,0,0,0,0,0,0,0,79016
Trisetum flavescens,0,0.1830357142857142,0.8,0.7,0,0,0,1,0,0,0,0,0,0,0,0,0,0,0,0,0,0,0,0,0,0,0,0,0,1,0,0,0,0,0,0,0,170025
Eryngium campestre,0,0.1830357142857142,0.8999999999999999,0.8,1,0,0,0,0,0,0,0,0,0,0,0,0,0,0,0,0,0,0,0,0,0,0,0,0,0,1,0,0,0,0,0,0,162699
Vicia hirsuta,0,0.3616071428571428,0.3999999999999999,0.3,0,0,0,0,0,0,0,0,0,0,0,0,0,0,0,0,0,1,0,0,0,0,0,1,0,0,0,0,0,0,0,0,0,56188
Juncus acutiflorus,0,0.1294642857142857,0.7,0.6000000000000001,0,0,0,1,0,0,0,0,0,0,0,0,0,0,0,0,0,0,0,0,0,0,0,0,0,1,0,0,0,0,0,0,0,164252
Alnus incana,0,0.3348214285714285,0.3999999999999999,0.6000000000000001,0,0,0,0,0,0,0,0,0,0,0,0,0,0,1,0,0,0,0,0,0,0,0,0,1,0,0,0,1,0,0,1,0,75377
Salvia pratensis,0,0.125,0.8999999999999999,0.8,1,0,0,0,0,0,0,0,0,0,0,0,0,0,0,0,0,0,0,0,0,0,0,0,0,1,0,0,0,0,0,0,0,85338
Brachythecium rutabulum,0,0.0,0.5927692307692305,0.5972307692307692,0,0,0,0,1,0,0,0,0,0,0,0,0,0,0,0,0,0,0,0,0,0,0,0,0,0,0,1,0,0,0,0,0,159407
Asplenium trichomanes,0,0.6339285714285714,0.5927692307692305,0.5972307692307692,0,0,0,0,0,0,0,0,0,0,0,0,0,0,0,1,0,0,0,0,0,0,0,0,0,0,0,1,0,0,0,0,0,75609
Drosera rotundifolia,0,0.4955357142857142,0.5,0.5,1,0,0,0,0,0,0,0,0,0,0,0,0,0,0,0,0,0,0,0,0,0,0,0,0,1,0,0,0,0,0,0,0,52658
Quercus pubescens,0,0.1071428571428571,0.8,0.7,0,0,0,0,0,0,0,0,0,0,0,0,0,1,0,0,0,0,0,0,0,0,0,0,0,1,0,0,0,0,0,0,0,125849
Draba verna,0,0.2678571428571428,0.5,0.5,1,0,0,0,0,0,0,0,0,0,0,0,0,0,0,0,0,0,0,0,0,0,0,0,0,1,0,0,0,0,0,0,0,55823
Galium saxatile,0,0.0982142857142857,0.1999999999999999,0.0999999999999999,1,0,0,0,0,0,0,0,0,0,0,0,0,0,0,0,0,0,0,0,0,0,0,1,0,0,0,0,0,0,0,0,0,130303
Paris quadrifolia,0,0.2098214285714285,0.8,0.7,0,0,0,0,0,0,0,0,0,0,0,0,0,0,0,1,0,0,0,0,0,1,0,0,0,0,0,0,0,0,0,0,0,123666
Fallopia convolvulus,1,0.40625,0.7,0.6000000000000001,0,0,0,0,0,0,0,0,0,0,0,0,0,0,0,0,0,1,0,0,0,0,0,0,1,0,0,0,0,0,0,0,0,77129
Trifolium medium,0,0.1696428571428571,0.8,0.7,1,0,0,0,0,0,0,0,0,0,0,0,0,0,0,0,0,0,0,0,0,0,0,0,1,0,0,0,0,0,0,1,0,85065
Danthonia decumbens,0,0.2008928571428571,0.2999999999999999,0.1999999999999999,0,0,0,1,0,0,0,0,0,0,0,0,0,0,0,0,0,0,0,0,0,0,0,0,1,0,0,0,0,0,0,0,0,76603
Verbascum thapsus,1,0.2455357142857142,0.8,0.7,1,0,0,0,0,0,0,0,0,0,0,0,0,0,0,0,0,0,0,0,0,0,0,0,0,1,0,0,0,0,0,0,0,59029
Arctium minus,0,0.2276785714285714,0.8,0.7,1,0,0,0,0,0,0,0,0,0,0,0,0,0,0,0,0,0,0,0,0,0,0,0,0,0,1,0,0,0,0,0,0,59570
Lupinus polyphyllus,1,0.0758928571428571,0.3999999999999999,0.3,1,0,0,0,0,0,0,0,0,0,0,0,0,0,0,0,0,0,0,0,0,0,0,0,1,0,0,0,0,0,0,0,0,59549
Melilotus albus,1,0.3303571428571428,0.7,0.8,0,0,0,0,0,0,0,0,0,0,0,0,0,0,0,1,0,0,0,0,0,0,0,0,0,0,1,0,0,0,0,1,0,58907
Ulmus minor,1,0.2142857142857142,0.8,0.7,0,0,0,0,0,0,0,0,0,0,0,0,0,0,0,1,0,0,0,0,0,0,0,0,1,0,0,0,0,0,0,0,0,79461
Vinca minor,1,0.09375,0.5,0.74,0,0,1,0,0,0,0,0,0,0,0,0,0,0,0,0,0,0,0,0,1,0,0,0,0,0,0,0,1,0,1,0,0,55844
Equisetum sylvaticum,0,0.4330357142857142,0.1999999999999999,0.5,1,0,0,0,0,0,0,0,0,0,0,0,0,0,0,0,0,0,0,0,0,1,0,0,0,0,0,0,1,0,0,1,0,118537
Polygala vulgaris,0,0.1607142857142857,0.8,0.7,1,0,0,0,0,0,0,0,0,0,0,0,0,0,0,0,0,0,0,0,0,0,0,0,0,1,0,0,0,0,0,0,0,167210
Parnassia palustris,0,0.4196428571428571,0.6000000000000001,0.8,1,0,0,0,0,0,0,0,0,0,0,0,0,0,0,0,0,0,0,0,0,0,0,0,0,1,0,0,1,0,1,0,0,78352
Pastinaca sativa,0,0.15625,0.7,0.6000000000000001,1,0,0,0,0,0,0,0,0,0,0,0,0,0,0,0,0,0,0,0,0,0,0,0,1,0,0,0,0,0,0,0,0,59778
Teucrium chamaedrys,0,0.1651785714285714,0.8999999999999999,0.8,0,0,0,0,0,0,0,0,0,0,0,0,0,0,0,1,0,0,0,0,0,0,0,0,1,0,0,0,0,0,0,0,0,55717
Anacamptis pyramidalis,0,0.1875,1.0,1.0,0,0,0,0,0,0,0,0,0,0,0,0,0,0,0,1,0,0,0,0,0,0,0,0,0,1,0,0,0,0,0,0,0,83085
Gnaphalium uliginosum,0,0.4642857142857142,0.5927692307692305,0.5972307692307692,0,0,0,0,0,0,0,0,0,0,0,0,0,0,0,1,0,0,0,0,0,0,0,0,0,0,0,1,0,0,0,0,0,136366
Arabidopsis thaliana,0,0.3794642857142857,0.3999999999999999,0.3,1,0,0,0,0,0,0,0,0,0,0,0,0,0,0,0,0,0,0,0,0,0,0,1,0,0,0,0,0,0,0,0,0,55021
Cirsium oleraceum,0,0.125,0.8,0.7,0,0,0,0,0,0,0,0,0,0,0,0,0,0,0,1,0,0,0,0,0,0,1,0,0,0,0,0,0,0,0,0,0,133653
Moehringia trinervia,0,0.2366071428571428,0.7,0.6000000000000001,1,0,0,0,0,0,0,0,0,0,0,0,0,0,0,0,0,0,0,0,0,1,0,0,0,0,0,0,0,0,0,0,0,371857
Dicranum scoparium,0,0.0,0.5927692307692305,0.5972307692307692,0,0,0,0,1,0,0,0,0,0,0,0,0,0,0,0,0,0,0,0,0,0,0,0,0,0,0,1,0,0,0,0,0,123134
Allium ursinum,0,0.1339285714285714,0.8999999999999999,0.8,0,0,0,0,0,0,0,0,0,0,0,0,0,0,0,1,0,0,0,0,0,1,0,0,0,0,0,0,0,0,0,0,0,56152
Epilobium parviflorum,0,0.28125,0.8,0.7,1,0,0,0,0,0,0,0,0,0,0,0,0,0,0,0,0,0,0,0,0,0,0,0,1,0,0,0,0,0,0,0,0,119602
Sedum album,0,0.1607142857142857,0.7,0.6000000000000001,1,0,0,0,0,0,0,0,0,0,0,0,0,0,0,0,0,0,0,0,0,0,0,0,0,0,1,0,0,0,0,0,0,79025
Prunus serotina,1,0.25,0.1999999999999999,0.7,0,0,0,0,0,0,0,0,0,0,0,0,0,0,1,0,0,0,0,0,0,1,0,0,0,0,0,0,0,1,0,1,0,54834
Orchis mascula,0,0.2142857142857142,0.5927692307692305,0.5972307692307692,0,0,0,0,0,0,0,0,0,0,0,0,0,0,0,1,0,0,0,0,0,0,0,0,0,0,0,1,0,0,0,0,0,132621
Hypericum maculatum,0,0.1428571428571428,0.5927692307692305,0.5972307692307692,0,0,0,0,0,0,0,0,0,0,0,0,0,0,0,1,0,0,0,0,0,0,0,0,0,0,0,1,0,0,0,0,0,163978
Ranunculus sceleratus,0,0.6741071428571428,0.3599999999999999,0.8800000000000001,1,0,0,0,0,0,0,0,0,0,0,0,0,0,0,0,0,0,0,0,0,0,0,0,0,1,0,0,0,0,0,1,0,59301
Helleborus foetidus,0,0.0535714285714285,0.8999999999999999,0.8,1,0,0,0,0,0,0,0,0,0,0,0,0,0,0,0,0,0,0,0,0,0,1,0,0,0,0,0,0,0,0,0,0,55827
Thymus pulegioides,0,0.1339285714285714,0.5,0.5,0,0,0,0,0,0,0,0,0,0,1,0,0,0,0,0,0,0,0,0,0,0,0,0,0,1,0,0,0,0,0,0,0,169753
Avena sativa,0,0.0089285714285714,0.5927692307692305,0.5972307692307692,0,0,0,0,0,0,0,0,0,0,0,0,0,0,0,1,0,0,0,0,0,0,0,0,0,0,0,1,0,0,0,0,0,52698
Hordeum murinum,1,0.2633928571428571,0.8999999999999999,0.8,0,0,0,1,0,0,0,0,0,0,0,0,0,0,0,0,0,0,0,0,0,0,0,0,0,1,0,0,0,0,0,0,0,52796
Matricaria chamomilla,1,0.3125,0.3999999999999999,0.3,0,0,0,0,0,0,0,0,0,0,0,0,0,0,0,1,0,0,0,0,0,0,0,0,1,0,0,0,0,0,0,0,0,77965
Hyacinthoides non-scripta,0,0.03125,0.3999999999999999,0.3,1,0,0,0,0,0,0,0,0,0,0,0,0,0,0,0,0,0,0,0,0,1,0,0,0,0,0,0,0,0,0,0,0,56132
Malva sylvestris,0,0.2767857142857142,0.8,0.7,1,0,0,0,0,0,0,0,0,0,0,0,0,0,0,0,0,0,0,0,0,0,0,0,0,1,0,0,0,0,0,0,0,56162
Abies alba,0,0.0803571428571428,0.5927692307692305,0.5972307692307692,0,0,0,0,0,0,0,0,0,0,0,0,0,0,0,1,0,0,0,0,0,0,0,0,0,0,0,1,0,0,0,0,0,136319
Echinochloa crus-galli,1,0.9553571428571428,0.8999999999999999,0.8,0,0,0,1,0,0,0,0,0,0,0,0,0,0,0,0,0,0,0,0,0,0,0,0,0,1,0,0,0,0,0,0,0,60283
Torilis japonica,0,0.2410714285714285,0.8999999999999999,0.8,1,0,0,0,0,0,0,0,0,0,0,0,0,0,0,0,0,0,0,0,0,0,0,1,0,0,0,0,0,0,0,0,0,133918
Pinus nigra,1,0.0803571428571428,0.5927692307692305,0.5972307692307692,0,0,0,0,0,0,0,0,0,0,0,0,0,0,0,1,0,0,0,0,0,0,0,0,0,0,0,1,0,0,0,0,0,135790
Galium uliginosum,0,0.1964285714285714,0.5927692307692305,0.5972307692307692,0,0,0,0,0,0,0,0,0,0,0,0,0,0,0,1,0,0,0,0,0,0,0,0,0,0,0,1,0,0,0,0,0,208789
Hieracium umbellatum,0,0.5,0.3999999999999999,0.3,1,0,0,0,0,0,0,0,0,0,0,0,0,0,0,0,0,0,0,0,0,0,0,1,0,0,0,0,0,0,0,0,0,55909
Platanthera bifolia,0,0.2366071428571428,0.8,0.7,0,0,0,0,0,0,0,0,0,0,0,0,0,0,0,1,0,0,0,0,0,0,0,1,0,0,0,0,0,0,0,0,0,57629
Veronica hederifolia,0,0.2410714285714285,0.3999999999999999,0.3,1,0,0,0,0,0,0,0,0,0,0,0,0,0,0,0,0,0,0,0,0,0,0,0,1,0,0,0,0,0,0,0,0,56129
Rhamnus cathartica,1,0.2008928571428571,0.8999999999999999,0.8,0,0,0,0,0,0,0,0,0,0,0,0,0,0,1,0,0,0,0,0,0,0,0,1,0,0,0,0,0,0,0,0,0,54811
Senecio inaequidens,1,0.0357142857142857,0.8,0.7,0,0,0,0,0,0,0,0,0,0,1,0,0,0,0,0,0,0,0,0,0,0,0,0,0,1,0,0,0,0,0,0,0,55607
Carex remota,0,0.2142857142857142,0.3999999999999999,0.3,0,0,0,1,0,0,0,0,0,0,0,0,0,0,0,0,0,0,0,0,0,0,1,0,0,0,0,0,0,0,0,0,0,141184
Euphorbia peplus,0,0.25,0.8,0.7,1,0,0,0,0,0,0,0,0,0,0,0,0,0,0,0,0,0,0,0,0,0,0,0,0,1,0,0,0,0,0,0,0,57036
Sanguisorba officinalis,0,0.3258928571428571,0.8,0.7,1,0,0,0,0,0,0,0,0,0,0,0,0,0,0,0,0,0,0,0,0,0,0,0,0,1,0,0,0,0,0,0,0,64549
Milium effusum,0,0.4419642857142857,0.5927692307692305,0.5972307692307692,0,0,0,0,0,0,0,0,0,0,0,0,0,0,0,1,0,0,0,0,0,0,0,0,0,0,0,1,0,0,0,0,0,165390
Mentha arvensis,0,0.2410714285714285,0.3999999999999999,0.6000000000000001,1,0,0,0,0,0,0,0,0,0,0,0,0,0,0,0,0,0,0,0,0,0,0,0,0,1,0,0,0,0,1,0,0,77991
Epilobium ciliatum,1,0.4107142857142857,0.7,0.6000000000000001,1,0,0,0,0,0,0,0,0,0,0,0,0,0,0,0,0,0,0,0,0,0,1,0,0,0,0,0,0,0,0,0,0,53050
Jasione montana,0,0.1517857142857142,0.2999999999999999,0.1999999999999999,1,0,0,0,0,0,0,0,0,0,0,0,0,0,0,0,0,0,0,0,0,0,0,0,1,0,0,0,0,0,0,0,0,55022
Cruciata laevipes,0,0.1428571428571428,0.8,0.7,1,0,0,0,0,0,0,0,0,0,0,0,0,0,0,0,0,0,0,0,0,0,0,1,0,0,0,0,0,0,0,0,0,132627
Hydrocotyle vulgaris,0,0.125,0.5,0.5,1,0,0,0,0,0,0,0,0,0,0,0,0,0,0,0,0,0,0,0,0,0,0,0,1,0,0,0,0,0,0,0,0,56916
Buddleja davidii,1,0.0178571428571428,0.8,0.7,0,0,0,0,0,1,0,0,0,0,0,0,0,0,0,0,0,0,0,0,0,0,0,0,1,0,0,0,0,0,0,0,0,75916
Juglans regia,1,0.0446428571428571,0.6000000000000001,0.7,0,0,0,0,0,0,0,0,0,0,0,0,0,1,0,0,0,0,0,0,0,0,0,0,0,1,0,0,0,1,0,1,0,63935
Sanguisorba minor,0,0.25,0.5927692307692305,0.5972307692307692,0,0,0,0,0,0,0,0,0,0,0,0,0,0,0,1,0,0,0,0,0,0,0,0,0,0,0,1,0,0,0,0,0,55736
Carex canescens,0,0.4910714285714285,0.5927692307692305,0.5972307692307692,0,0,0,0,0,0,0,0,0,0,0,0,0,0,0,1,0,0,0,0,0,0,0,0,0,0,0,1,0,0,0,0,0,76023
Asplenium ruta-muraria,0,0.4419642857142857,0.8999999999999999,0.8,1,0,0,0,0,0,0,0,0,0,0,0,0,0,0,0,0,0,0,0,0,0,0,0,1,0,0,0,0,0,0,0,0,84954
Verbena officinalis,0,0.4241071428571428,0.8,0.7,1,0,0,0,0,0,0,0,0,0,0,0,0,0,0,0,0,0,0,0,0,0,0,0,0,1,0,0,0,0,0,0,0,56163
Centaurea nigra,0,0.0714285714285714,0.5927692307692305,0.5972307692307692,0,0,0,0,0,0,0,0,0,0,0,0,0,0,0,1,0,0,0,0,0,0,0,0,0,0,0,1,0,0,0,0,0,126575
Dactylorhiza fuchsii,0,0.0,0.5927692307692305,0.5972307692307692,0,0,0,0,0,0,0,0,0,0,0,0,0,0,0,1,0,0,0,0,0,0,0,0,0,0,0,1,0,0,0,0,0,57630
Sinapis arvensis,0,0.0,0.8999999999999999,0.8,1,0,0,0,0,0,0,0,0,0,0,0,0,0,0,0,0,0,0,0,0,0,0,0,1,0,0,0,0,0,0,0,0,1562069
Atriplex prostrata,1,0.34375,0.8,0.7,1,0,0,0,0,0,0,0,0,0,0,0,0,0,0,0,0,0,0,0,0,0,0,0,0,1,0,0,0,0,0,0,0,60176
Prunus laurocerasus,1,0.0491071428571428,0.5,0.5,0,0,0,0,0,0,0,0,0,0,0,0,0,0,1,0,0,0,0,0,0,0,0,0,0,1,0,0,0,0,0,0,0,61432
Cerastium arvense,0,0.2053571428571428,0.8,0.7,1,0,0,0,0,0,0,0,0,0,0,0,0,0,0,0,0,0,0,0,0,0,0,0,0,1,0,0,0,0,0,0,0,50851
Festuca arundinacea,0,0.0,0.5927692307692305,0.5972307692307692,0,0,0,0,0,0,0,0,0,0,0,0,0,0,0,1,0,0,0,0,0,0,0,0,0,0,0,1,0,0,0,0,0,164708
Pyrus calleryana,1,0.03125,0.3999999999999999,0.7,0,0,0,0,0,0,0,0,0,0,0,0,0,1,0,0,0,0,0,0,0,0,0,0,0,0,0,1,0,1,1,0,0,119793
Hippocrepis comosa,0,0.0803571428571428,0.5927692307692305,0.5972307692307692,0,0,0,0,0,0,0,0,0,0,0,0,0,0,0,1,0,0,0,0,0,0,0,0,0,0,0,1,0,0,0,0,0,133488
Euphorbia amygdaloides,0,0.1383928571428571,0.5927692307692305,0.5972307692307692,0,0,0,0,0,0,0,0,0,0,0,0,0,0,0,1,0,0,0,0,0,0,0,0,0,0,0,1,0,0,0,0,0,57662
Trollius europaeus,0,0.1294642857142857,0.8,0.7,0,0,0,0,0,0,0,0,0,0,0,0,0,0,0,1,0,0,0,0,0,0,0,0,1,0,0,0,0,0,0,0,0,59552
Asplenium scolopendrium,0,0.2544642857142857,0.5927692307692305,0.5972307692307692,1,0,0,0,0,0,0,0,0,0,0,0,0,0,0,0,0,0,0,0,0,0,0,0,0,0,0,1,0,0,0,0,0,129105
Juniperus oxycedrus,0,0.0446428571428571,0.5927692307692305,0.5972307692307692,0,0,0,0,0,1,0,0,0,0,0,0,0,0,0,0,0,0,0,0,0,0,0,0,0,0,0,1,0,0,0,0,0,133994
Carex disticha,0,0.1741071428571428,0.5,0.5,0,0,0,1,0,0,0,0,0,0,0,0,0,0,0,0,0,0,0,0,0,0,0,0,0,1,0,0,0,0,0,0,0,159935
Dioscorea communis,0,0.1696428571428571,0.8,0.7,0,0,0,0,0,0,0,0,0,0,0,0,0,0,0,0,1,0,0,0,0,0,0,1,0,0,0,0,0,0,0,0,0,82691
Solidago gigantea,1,0.2410714285714285,0.1999999999999999,0.8,1,0,0,0,0,0,0,0,0,0,0,0,0,0,0,0,0,0,0,0,0,0,0,0,0,1,0,0,0,0,1,0,0,83073
Aria edulis,0,0.1116071428571428,0.5927692307692305,0.5972307692307692,0,0,0,0,0,0,0,0,0,0,0,0,0,0,0,1,0,0,0,0,0,0,0,0,0,0,0,1,0,0,0,0,0,900799
Aesculus hippocastanum,0,0.0267857142857142,0.5,0.5,0,0,0,0,0,0,0,0,0,0,0,0,0,1,0,0,0,0,0,0,0,0,0,0,1,0,0,0,0,0,0,0,0,84298
Lathyrus linifolius,0,0.1071428571428571,0.2999999999999999,0.1999999999999999,0,0,0,0,0,0,0,0,0,0,0,0,0,0,0,1,0,0,0,0,0,0,0,1,0,0,0,0,0,0,0,0,0,85072
Rosa arvensis,0,0.0803571428571428,0.7,0.6000000000000001,0,0,0,0,0,1,0,0,0,0,0,0,0,0,0,0,0,0,0,0,0,0,1,0,0,0,0,0,0,0,0,0,0,360047
Ruscus aculeatus,0,0.1428571428571428,0.5,0.5,0,0,0,0,0,0,0,0,1,0,0,0,0,0,0,0,0,0,0,0,0,1,0,0,0,0,0,0,0,0,0,0,0,82904
Chaerophyllum temulum,0,0.1696428571428571,0.5927692307692305,0.5972307692307692,0,0,0,0,0,0,0,0,0,0,0,0,0,0,0,1,0,0,0,0,0,0,0,0,0,0,0,1,0,0,0,0,0,55733
Avenula pubescens,0,0.2053571428571428,0.8,0.7,0,0,0,1,0,0,0,0,0,0,0,0,0,0,0,0,0,0,0,0,0,0,0,0,1,0,0,0,0,0,0,0,0,1318782
Spergula arvensis,0,0.3035714285714285,0.2999999999999999,0.1999999999999999,1,0,0,0,0,0,0,0,0,0,0,0,0,0,0,0,0,0,0,0,0,0,0,0,1,0,0,0,0,0,0,0,0,57005
Thymus mastichina,0,0.0089285714285714,0.5927692307692305,0.5972307692307692,0,0,0,0,0,0,0,0,0,0,0,0,0,0,0,1,0,0,0,0,0,0,0,0,0,0,0,1,0,0,0,0,0,82900
Carex acuta,0,0.1964285714285714,0.8,0.7,0,0,0,1,0,0,0,0,0,0,0,0,0,0,0,0,0,0,0,0,0,0,0,0,1,0,0,0,1,0,0,0,1,435946
Carex pallescens,0,0.28125,0.3999999999999999,0.3,0,0,0,1,0,0,0,0,0,0,0,0,0,0,0,0,0,0,0,0,0,0,0,0,1,0,0,0,0,0,0,0,0,160055
Gymnocarpium dryopteris,0,0.4419642857142857,0.3999999999999999,0.3,1,0,0,0,0,0,0,0,0,0,0,0,0,0,0,0,0,0,0,0,1,0,0,0,0,0,0,0,0,0,0,0,0,82572
Populus nigra,1,0.2008928571428571,0.3999999999999999,0.9000000000000001,0,0,0,0,0,0,0,0,0,0,0,0,0,1,0,0,0,0,0,0,0,0,0,0,0,1,0,0,0,0,0,1,0,47565
Sorbus aria,0,0.0,0.5927692307692305,0.5972307692307692,0,0,0,0,0,0,0,0,0,0,0,0,0,0,0,1,0,0,0,0,0,0,0,0,0,0,0,1,0,0,0,0,0,900799
Vitis vinifera,1,0.1339285714285714,0.8,0.7,0,0,0,0,0,0,0,0,0,0,0,0,0,0,0,0,0,0,1,0,0,0,0,0,1,0,0,0,0,0,0,0,0,79519
Rubus saxatilis,0,0.2455357142857142,0.8,0.7,0,0,0,0,0,0,0,0,0,0,0,0,0,0,0,1,0,0,0,0,0,0,1,0,0,0,0,0,0,0,0,0,0,447878
Viola tricolor,0,0.1830357142857142,0.5927692307692305,0.5972307692307692,0,0,0,0,0,0,0,0,0,0,0,0,0,0,0,1,0,0,0,0,0,0,0,0,0,0,0,1,0,0,0,0,0,55760
Potentilla sterilis,0,0.0758928571428571,0.7,0.6000000000000001,1,0,0,0,0,0,0,0,0,0,0,0,0,0,0,0,0,0,0,0,0,0,1,0,0,0,0,0,0,0,0,0,0,68853
Campanula trachelium,0,0.1875,0.8999999999999999,0.8,1,0,0,0,0,0,0,0,0,0,0,0,0,0,0,0,0,0,0,0,0,0,1,0,0,0,0,0,0,0,0,0,0,48588
Solidago canadensis,1,0.2991071428571428,0.3599999999999999,0.7,1,0,0,0,0,0,0,0,0,0,0,0,0,0,0,0,0,0,0,0,0,0,0,0,0,1,0,0,1,0,0,1,0,67808
Viscum album,0,0.21875,0.8,0.7,0,0,0,0,0,0,0,0,0,0,1,0,0,0,0,0,0,0,0,0,0,0,0,0,1,0,0,0,0,0,0,0,0,57512
Scabiosa columbaria,0,0.2008928571428571,0.7,0.6000000000000001,1,0,0,0,0,0,0,0,0,0,0,0,0,0,0,0,0,0,0,0,0,0,0,0,0,1,0,0,0,0,0,0,0,85047
Crataegus laevigata,0,0.1071428571428571,0.5927692307692305,0.5972307692307692,0,0,0,0,0,0,0,0,0,0,0,0,0,0,0,1,0,0,0,0,0,0,0,0,0,0,0,1,0,0,0,0,0,54428
Melica nutans,0,0.2455357142857142,0.5927692307692305,0.5972307692307692,0,0,0,0,0,0,0,0,0,0,0,0,0,0,0,1,0,0,0,0,0,0,0,0,0,0,0,1,0,0,0,0,0,448134
Ribes rubrum,0,0.0267857142857142,0.7,0.6000000000000001,0,0,0,0,0,1,0,0,0,0,0,0,0,0,0,0,0,0,0,0,0,1,0,0,0,0,0,0,0,0,0,0,0,54431
Potamogeton natans,0,0.5580357142857143,0.5599999999999998,0.6000000000000001,1,0,0,0,0,0,0,0,0,0,0,0,0,0,0,0,0,0,0,0,0,0,0,1,0,0,0,0,1,0,0,1,0,78712
Cymbalaria muralis,0,0.0223214285714285,0.8999999999999999,0.8,1,0,0,0,0,0,0,0,0,0,0,0,0,0,0,0,0,0,0,0,0,0,1,0,0,0,0,0,0,0,0,0,0,55727
Raphanus raphanistrum,1,0.2589285714285714,0.3999999999999999,0.3,1,0,0,0,0,0,0,0,0,0,0,0,0,0,0,0,0,0,0,0,0,0,0,0,1,0,0,0,0,0,0,0,0,55411
Juncus bulbosus,0,0.1607142857142857,0.3999999999999999,0.3,0,0,0,1,0,0,0,0,0,0,0,0,0,0,0,0,0,0,0,0,0,0,0,0,0,1,0,0,0,0,0,0,0,320881
Eucalyptus globulus,1,0.0133928571428571,0.3999999999999999,0.56,0,0,0,0,0,0,0,0,0,0,0,0,0,1,0,0,0,0,0,0,0,0,0,0,0,1,0,0,0,1,0,1,0,53398
Antennaria dioica,0,0.2589285714285714,0.2999999999999999,0.1999999999999999,1,0,0,0,0,0,0,0,0,0,0,0,0,0,0,0,0,0,0,0,0,0,0,0,0,1,0,0,0,0,0,0,0,51893
Vaccinium oxycoccos,0,0.3616071428571428,0.5,0.5,0,0,0,0,0,0,1,0,0,0,0,0,0,0,0,0,0,0,0,0,0,0,0,0,1,0,0,0,0,0,0,0,0,126560
Nuphar lutea,0,0.2098214285714285,0.8,0.7,1,0,0,0,0,0,0,0,0,0,0,0,0,0,0,0,0,0,0,0,0,0,0,1,0,0,0,0,0,0,0,0,0,57850
Malus domestica,0,0.03125,0.5927692307692305,0.5972307692307692,0,0,0,0,0,0,0,0,0,0,0,0,0,0,0,1,0,0,0,0,0,0,0,0,0,0,0,1,0,0,0,0,0,469472
Coronilla varia,1,0.125,0.5927692307692305,0.5972307692307692,0,0,0,0,0,0,0,0,0,0,0,0,0,0,0,1,0,0,0,0,0,0,0,0,0,0,0,1,0,0,0,0,0,127186
Silene nutans,0,0.1651785714285714,0.5,0.5,1,0,0,0,0,0,0,0,0,0,0,0,0,0,0,0,0,0,0,0,0,0,0,1,0,0,0,0,0,0,0,0,0,124138
Festuca pratensis,0,0.0,0.5927692307692305,0.5972307692307692,0,0,0,0,0,0,0,0,0,0,0,0,0,0,0,1,0,0,0,0,0,0,0,0,0,0,0,1,0,0,0,0,0,866252
Cardamine flexuosa,0,0.1473214285714285,0.8,0.7,1,0,0,0,0,0,0,0,0,0,0,0,0,0,0,0,0,0,0,0,0,1,0,0,0,0,0,0,0,0,0,0,0,69636
Calamagrostis canescens,0,0.1517857142857142,0.7,0.6000000000000001,0,0,0,1,0,0,0,0,0,0,0,0,0,0,0,0,0,0,0,0,0,0,0,0,0,1,0,0,0,0,0,0,0,196930
Rumex sanguineus,0,0.1517857142857142,0.8,0.7,1,0,0,0,0,0,0,0,0,0,0,0,0,0,0,0,0,0,0,0,0,1,0,0,0,0,0,0,0,0,0,0,0,168250
Trifolium hybridum,1,0.0803571428571428,0.5199999999999998,0.7,1,0,0,0,0,0,0,0,0,0,0,0,0,0,0,0,0,0,0,0,0,0,0,0,0,1,0,0,0,0,0,1,0,61824
Kindbergia praelonga,0,0.0,0.5927692307692305,0.5972307692307692,0,0,0,0,1,0,0,0,0,0,0,0,0,0,0,0,0,0,0,0,0,0,0,0,0,0,0,1,0,0,0,0,0,1122172
Centaurium erythraea,0,0.2544642857142857,0.7,0.6000000000000001,1,0,0,0,0,0,0,0,0,0,0,0,0,0,0,0,0,0,0,0,0,0,0,0,0,1,0,0,0,0,0,0,0,56236
Viola odorata,0,0.21875,0.5927692307692305,0.5972307692307692,0,0,0,0,0,0,0,0,0,0,0,0,0,0,0,1,0,0,0,0,0,0,0,0,0,0,0,1,0,0,0,0,0,55845
Calliergonella cuspidata,0,0.0,0.5927692307692305,0.5972307692307692,0,0,0,0,1,0,0,0,0,0,0,0,0,0,0,0,0,0,0,0,0,0,0,0,0,0,0,1,0,0,0,0,0,159669
Beta vulgaris,1,0.1964285714285714,0.8999999999999999,0.8,1,0,0,0,0,0,0,0,0,0,0,0,0,0,0,0,0,0,0,0,0,0,0,0,1,0,0,0,0,0,0,0,0,54498
Cistus albidus,0,0.0401785714285714,0.2999999999999999,0.1999999999999999,0,0,0,0,0,0,0,0,1,0,0,0,0,0,0,0,0,0,0,0,0,0,0,0,0,1,0,0,0,0,0,0,0,82673
Viola reichenbachiana,0,0.1696428571428571,0.5927692307692305,0.5972307692307692,0,0,0,0,0,0,0,0,0,0,0,0,0,0,0,1,0,0,0,0,0,0,0,0,0,0,0,1,0,0,0,0,0,147293
Fumaria officinalis,0,0.2142857142857142,0.7,0.6000000000000001,1,0,0,0,0,0,0,0,0,0,0,0,0,0,0,0,0,0,0,0,0,0,0,0,0,1,0,0,0,0,0,0,0,53785
Daphne mezereum,0,0.15625,0.8,0.7,0,0,0,0,0,0,0,0,0,0,1,0,0,0,0,0,0,0,0,0,0,0,1,0,0,0,0,0,0,0,0,0,0,133034
Rubia peregrina,0,0.0982142857142857,0.5927692307692305,0.5972307692307692,0,0,0,0,0,0,0,0,0,0,0,0,0,0,0,1,0,0,0,0,0,0,0,0,0,0,0,1,0,0,0,0,0,82848
Mercurialis annua,0,0.1964285714285714,0.8,0.7,1,0,0,0,0,0,0,0,0,0,0,0,0,0,0,0,0,0,0,0,0,0,0,0,1,0,0,0,0,0,0,0,0,68838
Primula vulgaris,0,0.1651785714285714,0.5,0.5,0,0,0,0,0,0,0,0,0,0,0,0,0,0,0,1,0,0,0,0,0,0,1,0,0,0,0,0,0,0,0,0,0,56136
Quercus palustris,0,0.1205357142857142,0.5927692307692305,0.5972307692307692,0,0,0,0,0,0,0,0,0,0,0,0,0,0,0,1,0,0,0,0,0,0,0,0,0,0,0,1,0,0,0,0,0,54785
Ribes uva-crispa,0,0.1026785714285714,0.5,0.5,0,0,0,0,0,1,0,0,0,0,0,0,0,0,0,0,0,0,0,0,0,1,0,0,0,0,0,0,0,0,0,0,0,54429
Bidens tripartita,0,0.5892857142857143,0.5927692307692305,0.5972307692307692,0,0,0,0,0,0,0,0,0,0,0,0,0,0,0,1,0,0,0,0,0,0,0,0,0,0,0,1,0,0,0,0,0,75767
Rhytidiadelphus squarrosus,0,0.0,0.5927692307692305,0.5972307692307692,0,0,0,0,1,0,0,0,0,0,0,0,0,0,0,0,0,0,0,0,0,0,0,0,0,0,0,1,0,0,0,0,0,123754
Galium boreale,0,0.4419642857142857,0.5927692307692305,0.5972307692307692,0,0,0,0,0,0,0,0,0,0,0,0,0,0,0,1,0,0,0,0,0,0,0,0,0,0,0,1,0,0,0,0,0,77188
Carex paniculata,0,0.1651785714285714,0.5,0.5,0,0,0,1,0,0,0,0,0,0,0,0,0,0,0,0,0,0,0,0,0,0,1,0,0,0,0,0,0,0,0,0,0,208495
Carex caryophyllea,0,0.2276785714285714,0.5927692307692305,0.5972307692307692,0,0,0,1,0,0,0,0,0,0,0,0,0,0,0,0,0,0,0,0,0,0,0,0,0,0,0,1,0,0,0,0,0,159906
Buxus sempervirens,1,0.0982142857142857,0.8999999999999999,0.8,0,0,0,0,0,0,0,0,0,0,0,0,0,0,1,0,0,0,0,0,0,0,1,0,0,0,0,0,0,0,0,0,0,133397
Lysimachia europaea,0,0.2544642857142857,0.2999999999999999,0.1999999999999999,1,0,0,0,0,0,0,0,0,0,0,0,0,0,0,0,0,0,0,0,0,1,0,0,0,0,0,0,0,0,0,0,0,716947
Impatiens parviflora,1,0.0401785714285714,0.8,0.7,1,0,0,0,0,0,0,0,0,0,0,0,0,0,0,0,0,0,0,0,1,0,0,0,0,0,0,0,0,0,0,0,0,51736
Viola hirta,0,0.1741071428571428,0.5927692307692305,0.5972307692307692,0,0,0,0,0,0,0,0,0,0,0,0,0,0,0,1,0,0,0,0,0,0,0,0,0,0,0,1,0,0,0,0,0,286612
Heracleum mantegazzianum,1,0.0089285714285714,0.7,0.6000000000000001,1,0,0,0,0,0,0,0,0,0,0,0,0,0,0,0,0,0,0,0,0,0,0,0,0,1,0,0,0,0,0,0,0,130228
Juncus tenuis,0,0.2723214285714285,0.2999999999999999,0.6000000000000001,0,0,0,1,0,0,0,0,0,0,0,0,0,0,0,0,0,0,0,0,0,1,0,0,0,0,0,0,0,0,0,0,1,69930
Plantago coronopus,0,0.21875,0.7,0.6000000000000001,1,0,0,0,0,0,0,0,0,0,0,0,0,0,0,0,0,0,0,0,0,0,0,0,0,1,0,0,0,0,0,0,0,58960
Epilobium tetragonum,0,0.2678571428571428,0.8,0.7,0,0,0,0,0,0,0,0,0,0,0,0,0,0,0,1,0,0,0,0,0,0,0,1,0,0,0,0,0,0,0,0,0,56622
Orchis purpurea,0,0.125,0.5927692307692305,0.5972307692307692,0,0,0,0,0,0,0,0,0,0,0,0,0,0,0,1,0,0,0,0,0,0,0,0,0,0,0,1,0,0,0,0,0,59321
Carlina vulgaris,0,0.1383928571428571,0.8,0.7,1,0,0,0,0,0,0,0,0,0,0,0,0,0,0,0,0,0,0,0,0,0,0,0,1,0,0,0,0,0,0,0,0,118834
Myosotis laxa,0,0.4732142857142857,0.7,0.6000000000000001,1,0,0,0,0,0,0,0,0,0,0,0,0,0,0,0,0,0,0,0,0,0,0,0,0,1,0,0,0,0,0,0,0,78150
Melica uniflora,0,0.1651785714285714,0.5,0.5,0,0,0,0,0,0,0,0,0,0,0,0,0,0,0,1,0,0,0,0,0,1,0,0,0,0,0,0,0,0,0,0,0,450670
Stuckenia pectinata,0,0.9375,0.5,0.5,1,0,0,0,0,0,0,0,0,0,0,0,0,0,0,0,0,0,0,0,0,0,0,0,1,0,0,0,0,0,0,0,0,64239
Lamium amplexicaule,1,0.3616071428571428,0.8,0.7,1,0,0,0,0,0,0,0,0,0,0,0,0,0,0,0,0,0,0,0,0,0,0,0,0,1,0,0,0,0,0,0,0,55459
Thymus zygis,0,0.0178571428571428,0.5927692307692305,0.5972307692307692,0,0,0,0,0,0,0,0,0,0,0,0,0,0,0,1,0,0,0,0,0,0,0,0,0,0,0,1,0,0,0,0,0,82913
Cystopteris fragilis,0,0.8348214285714285,0.5927692307692305,0.5972307692307692,1,0,0,0,0,0,0,0,0,0,0,0,0,0,0,0,0,0,0,0,0,0,0,0,0,0,0,1,0,0,0,0,0,58755
Aquilegia vulgaris,0,0.1116071428571428,0.8,0.7,1,0,0,0,0,0,0,0,0,0,0,0,0,0,0,0,0,0,0,0,0,0,0,1,0,0,0,0,0,0,0,0,0,51807
Erica arborea,0,0.1428571428571428,0.3999999999999999,0.3,0,0,0,0,0,1,0,0,0,0,0,0,0,0,0,0,0,0,0,0,0,0,0,0,0,1,0,0,0,0,0,0,0,82688
Larix decidua,0,0.0446428571428571,0.6000000000000001,0.6000000000000001,0,0,0,0,0,0,0,0,0,0,0,0,0,1,0,0,0,0,0,0,0,0,0,0,0,1,0,0,0,1,1,0,0,59747
Geranium pyrenaicum,0,0.125,0.8,0.7,1,0,0,0,0,0,0,0,0,0,0,0,0,0,0,0,0,0,0,0,0,0,0,0,1,0,0,0,0,0,0,0,0,77259
Quercus ilex,0,0.0803571428571428,0.5927692307692305,0.5972307692307692,0,0,0,0,0,0,0,0,0,0,0,0,0,0,0,1,0,0,0,0,0,0,0,0,0,0,0,1,0,0,0,0,0,82946
Phlomis lychnitis,0,0.0133928571428571,0.8999999999999999,0.8,0,0,0,0,0,0,0,0,0,0,0,0,0,0,0,1,0,0,0,0,0,0,0,0,0,0,1,0,0,0,0,0,0,319682
Ophrys apifera,0,0.1785714285714285,0.8999999999999999,0.8,0,0,0,0,0,0,0,0,0,0,0,0,0,0,0,1,0,0,0,0,0,0,0,0,0,1,0,0,0,0,0,0,0,83816
Lamium maculatum,0,0.1607142857142857,0.7,0.6000000000000001,1,0,0,0,0,0,0,0,0,0,0,0,0,0,0,0,0,0,0,0,0,0,1,0,0,0,0,0,0,0,0,0,0,55828
Atriplex patula,1,0.4598214285714285,0.5927692307692305,0.5972307692307692,0,0,0,0,0,0,0,0,0,0,0,0,0,0,0,1,0,0,0,0,0,0,0,0,0,0,0,1,0,0,0,0,0,60175
Lavandula pedunculata,0,0.03125,0.5927692307692305,0.5972307692307692,0,0,0,0,0,0,0,0,0,0,0,0,0,0,0,1,0,0,0,0,0,0,0,0,0,0,0,1,0,0,0,0,0,83004
Rorippa palustris,0,0.6607142857142857,0.7,0.6000000000000001,1,0,0,0,0,0,0,0,0,0,0,0,0,0,0,0,0,0,0,0,0,0,0,0,0,1,0,0,0,0,0,0,0,64162
Himantoglossum hircinum,0,0.0669642857142857,0.8999999999999999,0.8,0,0,0,0,0,0,0,0,0,0,0,0,0,0,0,1,0,0,0,0,0,0,0,0,1,0,0,0,0,0,0,0,0,147182
Viola canina,0,0.2098214285714285,0.5927692307692305,0.5972307692307692,0,0,0,0,0,0,0,0,0,0,0,0,0,0,0,1,0,0,0,0,0,0,0,0,0,0,0,1,0,0,0,0,0,124359
Reseda lutea,0,0.2410714285714285,0.8,0.7,1,0,0,0,0,0,0,0,0,0,0,0,0,0,0,0,0,0,0,0,0,0,0,0,1,0,0,0,0,0,0,0,0,78838
Quercus rubra,1,0.1741071428571428,0.2599999999999999,0.6599999999999999,0,0,0,0,0,0,0,0,0,0,0,0,0,1,0,0,0,0,0,0,0,0,0,0,0,1,0,0,0,1,1,0,0,49005
Andromeda polifolia,0,0.8303571428571428,0.5927692307692305,0.5972307692307692,0,0,0,0,0,0,0,0,0,0,0,0,0,0,0,1,0,0,0,0,0,0,0,0,0,0,0,1,0,0,0,0,0,119892
Sorghum bicolor,1,0.03125,0.5927692307692305,0.5972307692307692,0,0,0,0,0,0,0,0,0,0,0,0,0,0,0,1,0,0,0,0,0,0,0,0,0,0,0,1,0,0,0,0,0,58389
Borago officinalis,0,0.0669642857142857,0.7,0.6000000000000001,1,0,0,0,0,0,0,0,0,0,0,0,0,0,0,0,0,0,0,0,0,0,0,0,1,0,0,0,0,0,0,0,0,52287
Dimerandra emarginata,0,0.0848214285714285,0.5927692307692305,0.5972307692307692,0,0,0,0,0,0,0,0,0,0,0,0,0,0,0,1,0,0,0,0,0,0,0,0,0,0,0,1,0,0,0,0,0,283460
Allium vineale,1,0.1696428571428571,0.8999999999999999,0.8,1,0,0,0,0,0,0,0,0,0,0,0,0,0,0,0,0,0,0,0,0,0,0,0,0,1,0,0,0,0,0,0,0,75371
Saxifraga granulata,0,0.1116071428571428,0.5927692307692305,0.5972307692307692,0,0,0,0,0,0,0,0,0,0,0,0,0,0,0,1,0,0,0,0,0,0,0,0,0,0,0,1,0,0,0,0,0,124135
Populus alba,1,0.1919642857142857,0.38,0.6000000000000001,0,0,0,0,0,0,0,0,0,0,0,0,0,1,0,0,0,0,0,0,0,0,0,0,0,1,0,0,0,1,0,1,0,47570
Plantago maritima,0,0.3482142857142857,0.8,0.7,1,0,0,0,0,0,0,0,0,0,0,0,0,0,0,0,0,0,0,0,0,0,0,0,0,1,0,0,0,0,0,0,0,68543
Centaurea cyanus,0,0.0491071428571428,0.3999999999999999,0.3,1,0,0,0,0,0,0,0,0,0,0,0,0,0,0,0,0,0,0,0,0,0,0,0,0,1,0,0,0,0,0,0,0,933404
Rumex conglomeratus,0,0.2723214285714285,0.5,0.5,1,0,0,0,0,0,0,0,0,0,0,0,0,0,0,0,0,0,0,0,0,0,0,0,0,1,0,0,0,0,0,0,0,57215
Myrica gale,0,0.2366071428571428,0.3999999999999999,0.76,0,0,0,0,0,1,0,0,0,0,0,0,0,0,0,0,0,0,0,0,0,0,0,1,0,0,0,0,0,0,1,0,0,82203
Dactylorhiza incarnata,0,0.2455357142857142,0.8,0.7,0,0,0,0,0,0,0,0,0,0,0,0,0,0,0,1,0,0,0,0,0,0,0,0,0,0,1,0,0,0,0,0,0,48982
Arbutus unedo,1,0.09375,0.3999999999999999,0.3,0,0,0,0,0,0,0,0,0,0,0,0,0,0,1,0,0,0,0,0,0,0,0,1,0,0,0,0,0,0,0,0,0,82689
Dactylorhiza majalis,0,0.1696428571428571,0.7,0.6000000000000001,1,0,0,0,0,0,0,0,0,0,0,0,0,0,0,0,0,0,0,0,0,0,0,0,0,1,0,0,0,0,0,0,0,133492
Pinguicula vulgaris,0,0.2544642857142857,0.7,0.6000000000000001,1,0,0,0,0,0,0,0,0,0,0,0,0,0,0,0,0,0,0,0,0,0,0,0,0,1,0,0,0,0,0,0,0,121266
Geranium pusillum,0,0.2410714285714285,0.7,0.6000000000000001,1,0,0,0,0,0,0,0,0,0,0,0,0,0,0,0,0,0,0,0,0,0,0,0,1,0,0,0,0,0,0,0,0,60204
Pseudoscleropodium purum,0,0.0,0.5927692307692305,0.5972307692307692,0,0,0,0,1,0,0,0,0,0,0,0,0,0,0,0,0,0,0,0,0,0,0,0,0,0,0,1,0,0,0,0,0,123645
Thlaspi arvense,1,0.3169642857142857,0.5927692307692305,0.5972307692307692,0,0,0,0,0,0,0,0,0,0,0,0,0,0,0,1,0,0,0,0,0,0,0,0,0,0,0,1,0,0,0,0,0,79358
