scientific_name,is_invasive,native_region_count,growth_ph_minimum,growth_ph_maximum,habit_Forb/herb,"habit_Forb/herb, Subshrub","habit_Forb/herb, Vine",habit_Graminoid,habit_Nonvascular,habit_Shrub,"habit_Shrub, Subshrub","habit_Shrub, Tree",habit_Subshrub,"habit_Subshrub, Forb/herb","habit_Subshrub, Shrub","habit_Subshrub, Shrub, Graminoid","habit_Subshrub, Vine, Forb/herb",habit_Tree,"habit_Tree, Shrub",habit_Unknown,habit_Vine,"habit_Vine, Forb/herb","habit_Vine, Shrub","habit_Vine, Subshrub",light_3.0,light_4.0,light_5.0,light_6.0,light_7.0,light_8.0,light_9.0,light_Unknown,reproduction_Vegetative,dispersal_Animal,growth_rate_Moderate,growth_rate_Rapid,growth_rate_Slow
Quercus rotundifolia,0,0.0223214285714285,0.5927692307692305,0.5972307692307692,0,0,0,0,0,0,0,0,0,0,0,0,0,0,0,1,0,0,0,0,0,0,0,0,0,0,0,1,0,0,0,0,0
Urtica dioica,1,0.3794642857142857,0.7,0.6000000000000001,1,0,0,0,0,0,0,0,0,0,0,0,0,0,0,0,0,0,0,0,0,0,1,0,0,0,0,0,0,0,0,0,0
Dactylis glomerata,1,0.375,0.4399999999999999,0.7,0,0,0,1,0,0,0,0,0,0,0,0,0,0,0,0,0,0,0,0,0,0,0,0,1,0,0,0,0,0,1,0,0
Plantago lanceolata,1,0.3482142857142857,0.5,0.5,1,0,0,0,0,0,0,0,0,0,0,0,0,0,0,0,0,0,0,0,0,0,0,0,1,0,0,0,0,0,0,0,0
Achillea millefolium,1,0.625,0.6000000000000001,0.8,1,0,0,0,0,0,0,0,0,0,0,0,0,0,0,0,0,0,0,0,0,0,0,0,0,1,0,0,1,0,1,0,0
Trifolium repens,1,0.3392857142857142,0.6000000000000001,0.6000000000000001,1,0,0,0,0,0,0,0,0,0,0,0,0,0,0,0,0,0,0,0,0,0,0,0,1,0,0,0,1,0,1,0,0
Holcus lanatus,1,0.2098214285714285,0.1999999999999999,0.6000000000000001,0,0,0,1,0,0,0,0,0,0,0,0,0,0,0,0,0,0,0,0,0,0,0,0,1,0,0,0,0,0,1,0,0
Ranunculus repens,0,0.3303571428571428,0.5199999999999998,0.6400000000000001,1,0,0,0,0,0,0,0,0,0,0,0,0,0,0,0,0,0,0,0,0,0,1,0,0,0,0,0,1,0,0,1,0
Quercus robur,0,0.1875,0.5,0.5,0,0,0,0,0,0,0,0,0,0,0,0,0,1,0,0,0,0,0,0,0,0,0,0,1,0,0,0,0,0,0,0,0
Festuca rubra,0,0.6116071428571428,0.3999999999999999,0.8,0,0,0,1,0,0,0,0,0,0,0,0,0,0,0,0,0,0,0,0,0,0,0,0,0,0,1,0,1,0,1,0,0
Fraxinus excelsior,0,0.1428571428571428,0.8,0.7,0,0,0,0,0,0,0,0,0,0,0,0,0,1,0,0,0,0,0,0,0,0,0,0,1,0,0,0,0,0,0,0,0
Cirsium arvense,1,0.375,0.5927692307692305,0.5972307692307692,0,0,0,0,0,0,0,0,0,0,0,0,0,0,0,1,0,0,0,0,0,0,0,0,0,0,0,1,0,0,0,0,0
Trifolium pratense,1,0.2946428571428571,0.7,0.72,1,0,0,0,0,0,0,0,0,0,0,0,0,0,0,0,0,0,0,0,0,0,0,0,1,0,0,0,0,0,0,1,0
Fagus sylvatica,0,0.1383928571428571,0.3999999999999999,0.3,0,0,0,0,0,0,0,0,0,0,0,0,0,1,0,0,0,0,0,0,0,0,0,0,1,0,0,0,0,0,0,0,0
Juncus effusus,0,0.6651785714285714,0.5,0.9600000000000002,0,0,0,1,0,0,0,0,0,0,0,0,0,0,0,0,0,0,0,0,0,0,0,0,1,0,0,0,0,0,1,0,0
Ranunculus acris,0,0.2321428571428571,0.7,0.6000000000000001,1,0,0,0,0,0,0,0,0,0,0,0,0,0,0,0,0,0,0,0,0,0,0,0,1,0,0,0,0,0,0,0,0
Crataegus monogyna,0,0.2142857142857142,0.6000000000000001,0.6400000000000001,0,0,0,0,0,0,0,1,0,0,0,0,0,0,0,0,0,0,0,0,0,0,0,0,1,0,0,0,0,1,0,0,1
Rumex acetosa,0,0.3258928571428571,0.5,0.5,1,0,0,0,0,0,0,0,0,0,0,0,0,0,0,0,0,0,0,0,0,0,0,0,0,1,0,0,0,0,0,0,0
Calluna vulgaris,0,0.1785714285714285,0.5927692307692305,0.5972307692307692,0,0,0,0,0,0,0,0,0,0,0,0,0,0,0,1,0,0,0,0,0,0,0,0,0,0,0,1,0,0,0,0,0
Filipendula ulmaria,0,0.21875,0.5,0.5,1,0,0,0,0,0,0,0,0,0,0,0,0,0,0,0,0,0,0,0,0,0,0,0,1,0,0,0,0,0,0,0,0
Corylus avellana,0,0.1785714285714285,0.5,0.5,0,0,0,0,0,0,0,0,0,0,0,0,0,0,1,0,0,0,0,0,0,0,1,0,0,0,0,0,0,0,0,0,0
Phragmites australis,1,1.0,0.2999999999999999,0.94,0,0,0,0,0,0,0,0,0,0,0,1,0,0,0,0,0,0,0,0,0,0,0,0,1,0,0,0,1,1,0,1,0
Glechoma hederacea,0,0.21875,0.7,0.6000000000000001,1,0,0,0,0,0,0,0,0,0,0,0,0,0,0,0,0,0,0,0,0,0,1,0,0,0,0,0,0,0,0,0,0
Agrostis capillaris,1,0.2232142857142857,0.5927692307692305,0.5972307692307692,0,0,0,0,0,0,0,0,0,0,0,0,0,0,0,1,0,0,0,0,0,0,0,0,0,0,0,1,0,0,0,0,0
Anthoxanthum odoratum,1,0.25,0.3999999999999999,0.3,0,0,0,1,0,0,0,0,0,0,0,0,0,0,0,0,0,0,0,0,0,0,0,0,1,0,0,0,0,0,0,0,0
Hedera helix,1,0.1875,0.5927692307692305,0.5972307692307692,0,0,0,0,0,0,0,0,0,0,0,0,0,0,0,1,0,0,0,0,0,0,0,0,0,0,0,1,0,0,0,0,0
Agrostis stolonifera,0,0.3705357142857142,0.5927692307692305,0.5972307692307692,0,0,0,0,0,0,0,0,0,0,0,0,0,0,0,1,0,0,0,0,0,0,0,0,0,0,0,1,0,0,0,0,0
Plantago major,1,0.4553571428571428,0.3599999999999999,0.6599999999999999,1,0,0,0,0,0,0,0,0,0,0,0,0,0,0,0,0,0,0,0,0,0,1,0,0,0,0,0,0,0,1,0,0
Lotus corniculatus,0,0.3169642857142857,0.5,0.7,1,0,0,0,0,0,0,0,0,0,0,0,0,0,0,0,0,0,0,0,0,0,0,0,1,0,0,0,0,0,1,0,0
Sorbus aucuparia,0,0.2633928571428571,0.5,0.7,0,0,0,0,0,0,0,0,0,0,0,0,0,0,1,0,0,0,0,0,0,0,0,0,1,0,0,0,0,1,0,1,0
Poa trivialis,0,0.3705357142857142,0.3599999999999999,0.7,0,0,0,1,0,0,0,0,0,0,0,0,0,0,0,0,0,0,0,0,0,0,1,0,0,0,0,0,0,0,1,0,0
Galium aparine,0,0.3616071428571428,0.48,0.6400000000000001,0,0,1,0,0,0,0,0,0,0,0,0,0,0,0,0,0,0,0,0,0,0,0,1,0,0,0,0,0,0,0,1,0
Pinus sylvestris,1,0.2053571428571428,0.3999999999999999,0.7,0,0,0,0,0,0,0,0,0,0,0,0,0,1,0,0,0,0,0,0,0,0,0,0,0,1,0,0,0,0,0,1,0
Prunella vulgaris,1,0.7589285714285714,0.48,0.8,1,0,0,0,0,0,0,0,0,0,0,0,0,0,0,0,0,0,0,0,0,0,1,0,0,0,0,0,1,0,0,1,0
Arrhenatherum elatius,0,0.2455357142857142,0.5927692307692305,0.5972307692307692,0,0,0,0,0,0,0,0,0,0,0,0,0,0,0,1,0,0,0,0,0,0,0,0,0,0,0,1,0,0,0,0,0
Lolium perenne,1,0.2946428571428571,0.4399999999999999,0.7,0,0,0,1,0,0,0,0,0,0,0,0,0,0,0,0,0,0,0,0,0,0,0,0,1,0,0,0,0,0,0,1,0
Quercus suber,0,0.0446428571428571,0.3999999999999999,0.3,0,0,0,0,0,0,0,0,0,0,0,0,0,1,0,0,0,0,0,0,0,0,0,0,0,1,0,0,0,0,0,0,0
Prunus spinosa,0,0.2053571428571428,0.5,0.5,0,0,0,0,0,0,0,0,0,0,0,0,0,0,1,0,0,0,0,0,0,0,0,0,1,0,0,0,0,0,0,0,0
Heracleum sphondylium,0,0.1294642857142857,0.5,0.5,1,0,0,0,0,0,0,0,0,0,0,0,0,0,0,0,0,0,0,0,0,0,0,0,1,0,0,0,0,0,0,0,0
Deschampsia cespitosa,0,0.6428571428571428,0.5,0.5,0,0,0,1,0,0,0,0,0,0,0,0,0,0,0,0,0,0,0,0,0,0,1,0,0,0,0,0,0,0,0,0,0
Alnus glutinosa,0,0.2008928571428571,0.5927692307692305,0.5972307692307692,0,0,0,0,0,0,0,0,0,0,0,0,0,0,0,1,0,0,0,0,0,0,0,0,0,0,0,1,0,0,0,0,0
Sambucus nigra,1,0.1785714285714285,0.8,0.7,0,0,0,0,0,0,0,0,0,0,0,0,0,0,1,0,0,0,0,0,0,0,1,0,0,0,0,0,0,0,0,0,0
Molinia caerulea,0,0.1875,0.5,0.5,0,0,0,1,0,0,0,0,0,0,0,0,0,0,0,0,0,0,0,0,0,0,1,0,0,0,0,0,0,0,0,0,0
Acer pseudoplatanus,1,0.09375,0.5599999999999998,0.6000000000000001,0,0,0,0,0,0,0,0,0,0,0,0,0,1,0,0,0,0,0,0,0,0,0,0,1,0,0,0,0,1,1,0,0
Cirsium vulgare,1,0.2857142857142857,0.8,0.7,1,0,0,0,0,0,0,0,0,0,0,0,0,0,0,0,0,0,0,0,0,0,0,0,0,1,0,0,0,0,0,0,0
Potentilla erecta,0,0.1875,0.3999999999999999,0.3,1,0,0,0,0,0,0,0,0,0,0,0,0,0,0,0,0,0,0,0,0,0,0,1,0,0,0,0,0,0,0,0,0
Anthriscus sylvestris,0,0.3125,0.5927692307692305,0.5972307692307692,0,0,0,0,0,0,0,0,0,0,0,0,0,0,0,1,0,0,0,0,0,0,0,0,0,0,0,1,0,0,0,0,0
Geranium robertianum,0,0.4285714285714285,0.5,0.5,1,0,0,0,0,0,0,0,0,0,0,0,0,0,0,0,0,0,0,0,0,1,0,0,0,0,0,0,0,0,0,0,0
Poa pratensis,1,0.6830357142857143,0.5599999999999998,0.7,0,0,0,1,0,0,0,0,0,0,0,0,0,0,0,0,0,0,0,0,0,0,0,0,0,1,0,0,1,0,0,1,0
Cirsium palustre,0,0.1473214285714285,0.5927692307692305,0.5972307692307692,0,0,0,0,0,0,0,0,0,0,0,0,0,0,0,1,0,0,0,0,0,0,0,0,0,0,0,1,0,0,0,0,0
Poa annua,1,0.5044642857142857,0.5927692307692305,0.5972307692307692,0,0,0,0,0,0,0,0,0,0,0,0,0,0,0,1,0,0,0,0,0,0,0,0,0,0,0,1,0,0,0,0,0
Betula pendula,0,0.3348214285714285,0.3999999999999999,0.7,0,0,0,0,0,0,0,0,0,0,0,0,0,1,0,0,0,0,0,0,0,0,0,0,0,1,0,0,1,0,0,1,0
Alliaria petiolata,1,0.2633928571428571,0.8,0.7,1,0,0,0,0,0,0,0,0,0,0,0,0,0,0,0,0,0,0,0,0,1,0,0,0,0,0,0,0,0,0,0,0
Bellis perennis,0,0.2366071428571428,0.5,0.5,1,0,0,0,0,0,0,0,0,0,0,0,0,0,0,0,0,0,0,0,0,0,0,0,1,0,0,0,0,0,0,0,0
Vaccinium myrtillus,0,0.2723214285714285,0.1999999999999999,0.0999999999999999,0,0,0,0,0,0,1,0,0,0,0,0,0,0,0,0,0,0,0,0,0,0,1,0,0,0,0,0,0,0,0,0,0
Pteridium aquilinum,1,0.3392857142857142,0.2999999999999999,0.6000000000000001,1,0,0,0,0,0,0,0,0,0,0,0,0,0,0,0,0,0,0,0,0,0,0,1,0,0,0,0,1,0,1,0,0
Veronica chamaedrys,0,0.1964285714285714,0.5,0.5,1,0,0,0,0,0,0,0,0,0,0,0,0,0,0,0,0,0,0,0,0,0,0,1,0,0,0,0,0,0,0,0,0
Equisetum arvense,0,0.6607142857142857,0.1999999999999999,0.6000000000000001,1,0,0,0,0,0,0,0,0,0,0,0,0,0,0,0,0,0,0,0,0,0,0,0,1,0,0,0,1,0,0,1,0
Angelica sylvestris,0,0.2232142857142857,0.5,0.5,1,0,0,0,0,0,0,0,0,0,0,0,0,0,0,0,0,0,0,0,0,0,1,0,0,0,0,0,0,0,0,0,0
Cistus ladanifer,0,0.0223214285714285,0.5927692307692305,0.5972307692307692,0,0,0,0,0,0,0,0,0,0,0,0,0,0,0,1,0,0,0,0,0,0,0,0,0,0,0,1,0,0,0,0,0
Picea abies,0,0.1071428571428571,0.3999999999999999,0.6000000000000001,0,0,0,0,0,0,0,0,0,0,0,0,0,1,0,0,0,0,0,0,0,0,0,0,1,0,0,0,0,0,0,0,1
Hypericum perforatum,1,0.3125,0.7,0.6000000000000001,1,0,0,0,0,0,0,0,0,0,0,0,0,0,0,0,0,0,0,0,0,0,0,0,1,0,0,0,0,0,0,0,0
Daucus carota,1,0.2946428571428571,0.7,0.6000000000000001,1,0,0,0,0,0,0,0,0,0,0,0,0,0,0,0,0,0,0,0,0,0,0,0,0,1,0,0,0,0,0,0,0
Cardamine pratensis,0,0.3348214285714285,0.8,0.7,1,0,0,0,0,0,0,0,0,0,0,0,0,0,0,0,0,0,0,0,0,0,0,1,0,0,0,0,0,0,0,0,0
Geum urbanum,0,0.2276785714285714,0.7,0.6000000000000001,1,0,0,0,0,0,0,0,0,0,0,0,0,0,0,0,0,0,0,0,0,0,1,0,0,0,0,0,0,0,0,0,0
Vicia cracca,1,0.3214285714285714,0.38,0.6000000000000001,0,0,0,0,0,0,0,0,0,0,0,0,0,0,0,0,0,1,0,0,0,0,0,1,0,0,0,0,1,0,1,0,0
Phalaris arundinacea,1,0.6339285714285714,0.38,0.8399999999999999,0,0,0,1,0,0,0,0,0,0,0,0,0,0,0,0,0,0,0,0,0,0,0,0,0,1,0,0,1,0,0,1,0
Juniperus communis,0,0.5803571428571428,0.5927692307692305,0.5972307692307692,0,0,0,0,0,0,0,0,0,0,0,0,0,0,0,1,0,0,0,0,0,0,0,0,0,0,0,1,0,0,0,0,0
Elymus repens,1,0.375,0.4399999999999999,0.76,0,0,0,1,0,0,0,0,0,0,0,0,0,0,0,0,0,0,0,0,0,0,0,0,1,0,0,0,1,0,0,1,0
Galium verum,0,0.34375,0.8,0.7,0,0,0,0,0,0,0,0,0,0,0,0,0,0,0,0,0,1,0,0,0,0,0,0,1,0,0,0,0,0,0,0,0
Acer platanoides,1,0.15625,0.3599999999999999,0.56,0,0,0,0,0,0,0,0,0,0,0,0,0,1,0,0,0,0,0,0,0,0,0,0,0,0,0,1,0,1,0,0,1
Lathyrus pratensis,0,0.3035714285714285,0.8,0.7,0,0,0,0,0,0,0,0,0,0,0,0,0,0,0,0,0,1,0,0,0,0,0,1,0,0,0,0,0,0,0,0,0
Pinus pinaster,1,0.0491071428571428,0.3999999999999999,0.3,0,0,0,0,0,0,0,0,0,0,0,0,0,1,0,0,0,0,0,0,0,0,0,0,0,1,0,0,0,0,0,0,0
Lythrum salicaria,1,0.3482142857142857,0.7,0.6000000000000001,0,0,0,0,0,0,0,0,0,1,0,0,0,0,0,0,0,0,0,0,0,0,0,0,1,0,0,0,0,0,0,0,0
Rumex acetosella,1,0.3571428571428571,0.1999999999999999,0.0999999999999999,1,0,0,0,0,0,0,0,0,0,0,0,0,0,0,0,0,0,0,0,0,0,0,0,0,1,0,0,0,0,0,0,0
Rumex obtusifolius,1,0.21875,0.7,0.6000000000000001,1,0,0,0,0,0,0,0,0,0,0,0,0,0,0,0,0,0,0,0,0,0,0,0,0,1,0,0,0,0,0,0,0
Leucanthemum vulgare,1,0.2410714285714285,0.4399999999999999,0.6000000000000001,1,0,0,0,0,0,0,0,0,0,0,0,0,0,0,0,0,0,0,0,0,0,0,0,0,1,0,0,0,1,1,0,0
Dryopteris filix-mas,0,0.4151785714285714,0.5,0.5,1,0,0,0,0,0,0,0,0,0,0,0,0,0,0,0,0,0,0,0,1,0,0,0,0,0,0,0,0,0,0,0,0
Artemisia vulgaris,1,0.3303571428571428,0.7,0.6000000000000001,0,1,0,0,0,0,0,0,0,0,0,0,0,0,0,0,0,0,0,0,0,0,0,0,1,0,0,0,0,0,0,0,0
Cornus sanguinea,0,0.1741071428571428,0.8,0.7,0,0,0,0,0,1,0,0,0,0,0,0,0,0,0,0,0,0,0,0,0,0,0,1,0,0,0,0,0,0,0,0,0
Fragaria vesca,0,0.4464285714285714,0.8,0.7,1,0,0,0,0,0,0,0,0,0,0,0,0,0,0,0,0,0,0,0,0,0,1,0,0,0,0,0,0,0,0,0,0
Rumex crispus,1,0.3839285714285714,0.5,0.5,1,0,0,0,0,0,0,0,0,0,0,0,0,0,0,0,0,0,0,0,0,0,0,0,1,0,0,0,0,0,0,0,0
Caltha palustris,0,0.53125,0.38,0.56,1,0,0,0,0,0,0,0,0,0,0,0,0,0,0,0,0,0,0,0,0,1,0,0,0,0,0,0,0,0,0,0,1
Galium palustre,0,0.3303571428571428,0.5927692307692305,0.5972307692307692,0,0,0,0,0,0,0,0,0,0,0,0,0,0,0,1,0,0,0,0,0,0,0,0,0,0,0,1,0,0,0,0,0
Polygonum aviculare,1,0.7142857142857142,0.5,0.5,1,0,0,0,0,0,0,0,0,0,0,0,0,0,0,0,0,0,0,0,0,0,0,0,1,0,0,0,0,0,0,0,0
Populus tremula,0,0.2589285714285714,0.3999999999999999,0.3,0,0,0,0,0,0,0,0,0,0,0,0,0,1,0,0,0,0,0,0,0,0,0,0,0,1,0,0,0,0,0,0,0
Epilobium hirsutum,0,0.4285714285714285,0.8999999999999999,0.8,1,0,0,0,0,0,0,0,0,0,0,0,0,0,0,0,0,0,0,0,0,0,0,0,1,0,0,0,0,0,0,0,0
Tussilago farfara,0,0.34375,0.8999999999999999,0.8,1,0,0,0,0,0,0,0,0,0,0,0,0,0,0,0,0,0,0,0,0,0,0,0,1,0,0,0,0,0,0,0,0
Stellaria media,0,0.4151785714285714,0.5927692307692305,0.5972307692307692,0,0,0,0,0,0,0,0,0,0,0,0,0,0,0,1,0,0,0,0,0,0,0,0,0,0,0,1,0,0,0,0,0
Triticum aestivum,1,0.0357142857142857,0.5,0.8,0,0,0,1,0,0,0,0,0,0,0,0,0,0,0,0,0,0,0,0,0,0,0,0,0,0,1,0,0,1,0,1,0
Iris pseudacorus,1,0.2276785714285714,0.8,0.7,1,0,0,0,0,0,0,0,0,0,0,0,0,0,0,0,0,0,0,0,0,0,0,0,1,0,0,0,0,0,0,0,0
Rubus idaeus,0,0.5223214285714285,0.3999999999999999,0.7,0,0,0,0,0,0,0,0,1,0,0,0,0,0,0,0,0,0,0,0,0,0,1,0,0,0,0,0,1,1,1,0,0
Capsella bursa-pastoris,1,0.4151785714285714,0.5927692307692305,0.5972307692307692,1,0,0,0,0,0,0,0,0,0,0,0,0,0,0,0,0,0,0,0,0,0,0,0,0,0,0,1,0,0,0,0,0
Lysimachia vulgaris,0,0.2410714285714285,0.5927692307692305,0.5972307692307692,0,0,0,0,0,0,0,0,0,0,0,0,0,0,0,1,0,0,0,0,0,0,0,0,0,0,0,1,0,0,0,0,0
Jacobaea vulgaris,1,0.2276785714285714,0.5927692307692305,0.5972307692307692,0,0,0,0,0,0,0,0,0,0,0,0,0,0,0,1,0,0,0,0,0,0,0,0,0,0,0,1,0,0,0,0,0
Argentina anserina,0,0.4910714285714285,0.8,0.8,1,0,0,0,0,0,0,0,0,0,0,0,0,0,0,0,0,0,0,0,0,0,0,1,0,0,0,0,1,0,0,1,0
Eupatorium cannabinum,0,0.2232142857142857,0.8,0.7,1,0,0,0,0,0,0,0,0,0,0,0,0,0,0,0,0,0,0,0,0,0,1,0,0,0,0,0,0,0,0,0,0
Medicago lupulina,1,0.3258928571428571,0.5,0.8,1,0,0,0,0,0,0,0,0,0,0,0,0,0,0,0,0,0,0,0,0,0,0,0,1,0,0,0,0,1,1,0,0
Lapsana communis,0,0.2633928571428571,0.8,0.7,1,0,0,0,0,0,0,0,0,0,0,0,0,0,0,0,0,0,0,0,0,1,0,0,0,0,0,0,0,0,0,0,0
Lonicera periclymenum,0,0.0892857142857142,0.3999999999999999,0.3,0,0,0,0,0,0,0,0,0,0,0,0,0,0,0,0,1,0,0,0,0,0,1,0,0,0,0,0,0,0,0,0,0
Solanum dulcamara,1,0.3705357142857142,0.7,0.6000000000000001,0,0,0,0,0,0,0,0,0,0,0,0,1,0,0,0,0,0,0,0,0,0,0,1,0,0,0,0,0,0,0,0,0
Campanula rotundifolia,0,0.2142857142857142,0.3999999999999999,0.3,1,0,0,0,0,0,0,0,0,0,0,0,0,0,0,0,0,0,0,0,0,0,1,0,0,0,0,0,0,0,0,0,0
Calystegia sepium,0,0.6026785714285714,0.5927692307692305,0.5972307692307692,0,0,1,0,0,0,0,0,0,0,0,0,0,0,0,0,0,0,0,0,0,0,0,0,0,0,0,1,0,0,0,0,0
Phleum pratense,1,0.2589285714285714,0.5,0.8800000000000001,0,0,0,1,0,0,0,0,0,0,0,0,0,0,0,0,0,0,0,0,0,0,0,0,1,0,0,0,0,0,0,1,0
Carex flacca,0,0.2366071428571428,0.5927692307692305,0.5972307692307692,0,0,0,1,0,0,0,0,0,0,0,0,0,0,0,0,0,0,0,0,0,0,0,0,0,0,0,1,0,0,0,0,0
Aegopodium podagraria,0,0.1607142857142857,0.5927692307692305,0.5972307692307692,0,0,0,0,0,0,0,0,0,0,0,0,0,0,0,1,0,0,0,0,0,0,0,0,0,0,0,1,0,0,0,0,0
Ilex aquifolium,1,0.1160714285714285,0.2999999999999999,0.1999999999999999,0,0,0,0,0,0,0,1,0,0,0,0,0,0,0,0,0,0,0,0,0,0,1,0,0,0,0,0,0,0,0,0,0
Vicia sativa,0,0.4464285714285714,0.6000000000000001,0.6000000000000001,0,0,0,0,0,0,0,0,0,0,0,0,0,0,0,0,0,1,0,0,0,0,0,1,0,0,0,0,0,0,0,1,0
Lycopus europaeus,0,0.2946428571428571,0.5927692307692305,0.5972307692307692,0,0,0,0,0,0,0,0,0,0,0,0,0,0,0,1,0,0,0,0,0,0,0,0,0,0,0,1,0,0,0,0,0
Betula pubescens,0,0.1875,0.5927692307692305,0.5972307692307692,0,0,0,0,0,0,0,0,0,0,0,0,0,0,0,1,0,0,0,0,0,0,0,0,0,0,0,1,0,0,0,0,0
Potentilla reptans,0,0.2991071428571428,0.8,0.7,1,0,0,0,0,0,0,0,0,0,0,0,0,0,0,0,0,0,0,0,0,0,0,0,1,0,0,0,0,0,0,0,0
Senecio vulgaris,0,0.3482142857142857,0.3999999999999999,0.9000000000000001,1,0,0,0,0,0,0,0,0,0,0,0,0,0,0,0,0,0,0,0,0,0,0,0,1,0,0,0,0,0,0,1,0
Convolvulus arvensis,1,0.4196428571428571,0.5927692307692305,0.5972307692307692,0,0,0,0,0,0,0,0,0,0,0,0,0,0,0,1,0,0,0,0,0,0,0,0,0,0,0,1,0,0,0,0,0
Athyrium filix-femina,0,0.3392857142857142,0.2999999999999999,0.6000000000000001,1,0,0,0,0,0,0,0,0,0,0,0,0,0,0,0,0,0,0,0,1,0,0,0,0,0,0,0,1,0,1,0,0
Mentha aquatica,0,0.3080357142857142,0.5,0.5,1,0,0,0,0,0,0,0,0,0,0,0,0,0,0,0,0,0,0,0,0,0,1,0,0,0,0,0,0,0,0,0,0
Acer campestre,0,0.1383928571428571,0.8,0.7,0,0,0,0,0,0,0,0,0,0,0,0,0,0,1,0,0,0,0,0,0,0,0,0,0,1,0,0,0,0,0,0,0
Centaurea jacea,0,0.1875,0.7,0.6000000000000001,1,0,0,0,0,0,0,0,0,0,0,0,0,0,0,0,0,0,0,0,0,0,0,0,0,1,0,0,0,0,0,0,0
Ajuga reptans,0,0.1741071428571428,0.0,0.0,0,0,0,0,0,0,0,0,0,0,0,0,0,0,0,1,0,0,0,0,0,0,0,0,1,0,0,0,0,0,0,0,0
Bromus hordeaceus,1,0.3214285714285714,0.5927692307692305,0.5972307692307692,0,0,0,0,0,0,0,0,0,0,0,0,0,0,0,1,0,0,0,0,0,0,0,0,0,0,0,1,0,0,0,0,0
Silene flos-cuculi,0,0.1875,0.5927692307692305,0.5972307692307692,0,0,0,0,0,0,0,0,0,0,0,0,0,0,0,1,0,0,0,0,0,0,0,0,0,0,0,1,0,0,0,0,0
Stellaria graminea,0,0.2455357142857142,0.5927692307692305,0.5972307692307692,0,0,0,0,0,0,0,0,0,0,0,0,0,0,0,1,0,0,0,0,0,0,0,0,0,0,0,1,0,0,0,0,0
Lamium galeobdolon,0,0.1428571428571428,0.7,0.6000000000000001,0,0,0,0,0,0,0,0,0,0,0,0,0,0,0,1,0,0,0,0,0,1,0,0,0,0,0,0,0,0,0,0,0
Sonchus asper,0,0.4241071428571428,0.8,0.7,1,0,0,0,0,0,0,0,0,0,0,0,0,0,0,0,0,0,0,0,0,0,0,0,1,0,0,0,0,0,0,0,0
Prunus avium,1,0.1741071428571428,0.5,0.5,0,0,0,0,0,0,0,0,0,0,0,0,0,1,0,0,0,0,0,0,0,0,0,0,1,0,0,0,0,0,0,0,0
Ligustrum vulgare,1,0.1339285714285714,0.5927692307692305,0.5972307692307692,0,0,0,0,0,0,0,0,0,0,0,0,0,0,0,1,0,0,0,0,0,0,0,0,0,0,0,1,0,0,0,0,0
Salvia rosmarinus,0,0.0848214285714285,0.3999999999999999,0.7,0,0,0,0,0,0,1,0,0,0,0,0,0,0,0,0,0,0,0,0,0,0,0,0,0,0,0,1,0,0,1,0,0
Tanacetum vulgare,0,0.2678571428571428,0.8999999999999999,0.8,1,0,0,0,0,0,0,0,0,0,0,0,0,0,0,0,0,0,0,0,0,0,0,0,0,1,0,0,0,0,0,0,0
Silene dioica,0,0.125,0.8,0.7,1,0,0,0,0,0,0,0,0,0,0,0,0,0,0,0,0,0,0,0,0,0,1,0,0,0,0,0,0,0,0,0,0
Luzula campestris,0,0.15625,0.2999999999999999,0.1999999999999999,0,0,0,1,0,0,0,0,0,0,0,0,0,0,0,0,0,0,0,0,0,0,0,0,1,0,0,0,0,0,0,0,0
Primula veris,0,0.2008928571428571,0.8999999999999999,0.8,1,0,0,0,0,0,0,0,0,0,0,0,0,0,0,0,0,0,0,0,0,0,0,0,1,0,0,0,0,0,0,0,0
Chelidonium majus,1,0.28125,0.5927692307692305,0.5972307692307692,0,0,0,0,0,0,0,0,0,0,0,0,0,0,0,1,0,0,0,0,0,0,0,0,0,0,0,1,0,0,0,0,0
Rosmarinus officinalis,0,0.0,0.5927692307692305,0.5972307692307692,0,0,0,0,0,0,0,0,0,0,0,0,0,0,0,1,0,0,0,0,0,0,0,0,0,0,0,1,0,0,0,0,0
Oxalis acetosella,0,0.2633928571428571,0.3999999999999999,0.3,0,0,0,0,0,0,0,0,0,0,0,0,0,0,0,1,0,0,0,0,0,1,0,0,0,0,0,0,0,0,0,0,0
Impatiens glandulifera,1,0.0133928571428571,0.8,0.7,1,0,0,0,0,0,0,0,0,0,0,0,0,0,0,0,0,0,0,0,0,0,1,0,0,0,0,0,0,0,0,0,0
Carpinus betulus,1,0.1294642857142857,0.5,0.5,0,0,0,0,0,0,0,0,0,0,0,0,0,1,0,0,0,0,0,0,0,0,0,0,1,0,0,0,0,0,0,0,0
Rosa canina,0,0.2544642857142857,0.5,0.5,0,0,0,0,0,0,0,0,0,0,0,0,0,0,0,0,0,0,0,1,0,0,0,0,1,0,0,0,0,0,0,0,0
Juncus articulatus,0,0.5892857142857143,0.3599999999999999,0.7,0,0,0,1,0,0,0,0,0,0,0,0,0,0,0,0,0,0,0,0,0,0,0,0,0,1,0,0,1,0,1,0,0
Vicia sepium,0,0.2232142857142857,0.7,0.6000000000000001,0,0,0,0,0,0,0,0,0,0,0,0,0,0,0,0,0,1,0,0,0,0,0,1,0,0,0,0,0,0,0,0,0
Lamium purpureum,0,0.2321428571428571,0.8,0.7,1,0,0,0,0,0,0,0,0,0,0,0,0,0,0,0,0,0,0,0,0,0,0,0,1,0,0,0,0,0,0,0,0
Rubus fruticosus,1,0.0848214285714285,0.5927692307692305,0.5972307692307692,0,0,0,0,0,0,0,0,0,0,0,0,0,0,0,1,0,0,0,0,0,0,0,0,0,0,0,1,0,0,0,0,0
Frangula alnus,1,0.2142857142857142,0.3999999999999999,0.5,0,0,0,0,0,0,0,0,0,0,0,0,0,0,1,0,0,0,0,0,0,0,0,0,0,0,0,1,0,0,0,1,0
Chenopodium album,1,0.59375,0.5,0.5,1,0,0,0,0,0,0,0,0,0,0,0,0,0,0,0,0,0,0,0,0,0,0,0,0,1,0,0,0,0,0,0,0
Carex nigra,0,0.3035714285714285,0.5927692307692305,0.5972307692307692,0,0,0,0,0,0,0,0,0,0,0,0,0,0,0,1,0,0,0,0,0,0,0,0,0,0,0,1,0,0,0,0,0
Sonchus oleraceus,1,0.3258928571428571,0.8999999999999999,0.8,1,0,0,0,0,0,0,0,0,0,0,0,0,0,0,0,0,0,0,0,0,0,0,0,0,1,0,0,0,0,0,0,0
Scorzoneroides autumnalis,0,0.1875,0.5,0.5,1,0,0,0,0,0,0,0,0,0,0,0,0,0,0,0,0,0,0,0,0,0,0,0,0,1,0,0,0,0,0,0,0
Brachypodium sylvaticum,1,0.4107142857142857,0.7,0.6000000000000001,0,0,0,1,0,0,0,0,0,0,0,0,0,0,0,0,0,0,0,0,0,1,0,0,0,0,0,0,0,0,0,0,0
Glyceria fluitans,0,0.1919642857142857,0.3999999999999999,0.3,0,0,0,1,0,0,0,0,0,0,0,0,0,0,0,0,0,0,0,0,0,0,0,0,1,0,0,0,0,0,0,0,0
Olea europaea,1,0.2544642857142857,0.7,0.6000000000000001,0,0,0,0,0,0,0,0,0,0,0,0,0,0,1,0,0,0,0,0,0,0,0,0,0,1,0,0,0,0,0,0,0
Pinus halepensis,1,0.0803571428571428,0.8,0.7,0,0,0,0,0,0,0,0,0,0,0,0,0,1,0,0,0,0,0,0,0,0,0,0,0,1,0,0,0,0,0,0,0
Lotus pedunculatus,0,0.1517857142857142,0.6000000000000001,0.6599999999999999,1,0,0,0,0,0,0,0,0,0,0,0,0,0,0,0,0,0,0,0,0,0,0,0,1,0,0,0,0,0,1,0,0
Stachys sylvatica,0,0.2053571428571428,0.8,0.7,1,0,0,0,0,0,0,0,0,0,0,0,0,0,0,0,0,0,0,0,0,1,0,0,0,0,0,0,0,0,0,0,0
Alopecurus pratensis,0,0.2544642857142857,0.5927692307692305,0.5972307692307692,0,0,0,0,0,0,0,0,0,0,0,0,0,0,0,1,0,0,0,0,0,0,0,0,0,0,0,1,0,0,0,0,0
Euonymus europaeus,0,0.1651785714285714,0.8,0.7,0,0,0,0,0,0,0,1,0,0,0,0,0,0,0,0,0,0,0,0,0,0,0,1,0,0,0,0,0,0,0,0,0
Solidago virgaurea,0,0.2678571428571428,0.5,0.5,0,0,0,0,0,0,0,0,0,0,0,0,0,0,0,1,0,0,0,0,0,0,0,1,0,0,0,0,0,0,0,0,0
Knautia arvensis,0,0.1741071428571428,0.8,0.7,1,0,0,0,0,0,0,0,0,0,0,0,0,0,0,0,0,0,0,0,0,0,0,0,1,0,0,0,0,0,0,0,0
Cytisus scoparius,1,0.1294642857142857,0.5,0.6000000000000001,0,0,0,0,0,1,0,0,0,0,0,0,0,0,0,0,0,0,0,0,0,0,0,0,0,1,0,0,0,0,0,1,0
Succisa pratensis,0,0.1919642857142857,0.5,0.5,1,0,0,0,0,0,0,0,0,0,0,0,0,0,0,0,0,0,0,0,0,0,0,1,0,0,0,0,0,0,0,0,0
Galeopsis tetrahit,0,0.15625,0.5,0.5,1,0,0,0,0,0,0,0,0,0,0,0,0,0,0,0,0,0,0,0,0,0,1,0,0,0,0,0,0,0,0,0,0
Veronica officinalis,0,0.2142857142857142,0.2999999999999999,0.1999999999999999,1,0,0,0,0,0,0,0,0,0,0,0,0,0,0,0,0,0,0,0,0,0,1,0,0,0,0,0,0,0,0,0,0
Ranunculus flammula,0,0.3482142857142857,0.6000000000000001,0.7,1,0,0,0,0,0,0,0,0,0,0,0,0,0,0,0,0,0,0,0,0,0,0,0,1,0,0,0,1,0,1,0,0
Briza media,0,0.2410714285714285,0.8,0.7,0,0,0,1,0,0,0,0,0,0,0,0,0,0,0,0,0,0,0,0,0,0,0,0,0,1,0,0,0,0,0,0,0
Viburnum opulus,0,0.1785714285714285,0.4399999999999999,0.6000000000000001,0,0,0,0,0,0,0,0,0,0,0,0,0,0,1,0,0,0,0,0,0,0,0,1,0,0,0,0,0,1,0,0,1
Linaria vulgaris,1,0.2544642857142857,0.5927692307692305,0.5972307692307692,0,0,0,0,0,0,0,0,0,0,0,0,0,0,0,1,0,0,0,0,0,0,0,0,0,0,0,1,0,0,0,0,0
Cerastium fontanum,0,0.125,0.5,0.5,1,0,0,0,0,0,0,0,0,0,0,0,0,0,0,0,0,0,0,0,0,0,0,0,1,0,0,0,0,0,0,0,0
Prunus padus,0,0.2633928571428571,0.3999999999999999,0.6000000000000001,0,0,0,0,0,0,0,1,0,0,0,0,0,0,0,0,0,0,0,0,0,0,0,1,0,0,0,0,0,1,1,0,0
Cynosurus cristatus,0,0.1830357142857142,0.5,0.5,0,0,0,1,0,0,0,0,0,0,0,0,0,0,0,0,0,0,0,0,0,0,0,0,0,1,0,0,0,0,0,0,0
Oryza sativa,1,0.0133928571428571,0.8,0.7,0,0,0,1,0,0,0,0,0,0,0,0,0,0,0,0,0,0,0,0,0,0,0,0,0,0,1,0,0,0,0,0,0
Galium mollugo,0,0.1785714285714285,0.8,0.7,1,0,0,0,0,0,0,0,0,0,0,0,0,0,0,0,0,0,0,0,0,0,0,0,0,1,0,0,0,0,0,0,0
Veronica persica,0,0.0133928571428571,0.8,0.7,1,0,0,0,0,0,0,0,0,0,0,0,0,0,0,0,0,0,0,0,0,0,0,0,1,0,0,0,0,0,0,0,0
Equisetum fluviatile,0,0.46875,0.2999999999999999,0.4000000000000001,1,0,0,0,0,0,0,0,0,0,0,0,0,0,0,0,0,0,0,0,0,0,0,0,1,0,0,0,1,0,0,1,0
Eriophorum angustifolium,0,0.40625,0.1999999999999999,0.5,0,0,0,1,0,0,0,0,0,0,0,0,0,0,0,0,0,0,0,0,0,0,0,0,0,1,0,0,0,0,1,0,0
Clematis vitalba,0,0.1473214285714285,0.8,0.7,0,0,0,0,0,0,0,0,0,0,0,0,0,0,0,0,1,0,0,0,0,0,0,1,0,0,0,0,0,0,0,0,0
Silene vulgaris,1,0.3705357142857142,0.8,0.7,1,0,0,0,0,0,0,0,0,0,0,0,0,0,0,0,0,0,0,0,0,0,0,0,0,1,0,0,0,0,0,0,0
Erigeron canadensis,1,0.40625,0.3599999999999999,0.6400000000000001,1,0,0,0,0,0,0,0,0,0,0,0,0,0,0,0,0,0,0,0,0,0,0,0,0,1,0,0,0,0,0,1,0
Vaccinium vitis-idaea,0,0.3660714285714285,0.2999999999999999,0.4000000000000001,0,0,0,0,0,0,1,0,0,0,0,0,0,0,0,0,0,0,0,0,0,0,1,0,0,0,0,0,1,1,1,0,0
Myosotis scorpioides,0,0.21875,0.5,0.7,1,0,0,0,0,0,0,0,0,0,0,0,0,0,0,0,0,0,0,0,0,0,0,0,0,1,0,0,1,0,1,0,0
Dryopteris carthusiana,0,0.4107142857142857,0.3999999999999999,0.3,1,0,0,0,0,0,0,0,0,0,0,0,0,0,0,0,0,0,0,0,1,0,0,0,0,0,0,0,0,0,0,0,0
Euphorbia cyparissias,0,0.1428571428571428,0.8,0.7,1,0,0,0,0,0,0,0,0,0,0,0,0,0,0,0,0,0,0,0,0,0,0,0,0,1,0,0,0,0,0,0,0
Carex panicea,0,0.2053571428571428,0.5927692307692305,0.5972307692307692,0,0,0,0,0,0,0,0,0,0,0,0,0,0,0,1,0,0,0,0,0,0,0,0,0,0,0,1,0,0,0,0,0
Typha latifolia,0,0.7098214285714285,0.5,0.94,1,0,0,0,0,0,0,0,0,0,0,0,0,0,0,0,0,0,0,0,0,0,0,0,0,1,0,0,1,1,0,1,0
Bromus erectus,1,0.1339285714285714,0.5927692307692305,0.5972307692307692,0,0,0,0,0,0,0,0,0,0,0,0,0,0,0,1,0,0,0,0,0,0,0,0,0,0,0,1,0,0,0,0,0
Rabelera holostea,0,0.1875,0.5927692307692305,0.5972307692307692,0,0,0,0,0,0,0,0,0,0,0,0,0,0,0,1,0,0,0,0,0,0,0,0,0,0,0,1,0,0,0,0,0
Veronica arvensis,0,0.2767857142857142,0.7,0.6000000000000001,1,0,0,0,0,0,0,0,0,0,0,0,0,0,0,0,0,0,0,0,0,0,0,0,1,0,0,0,0,0,0,0,0
Pinus pinea,0,0.0625,0.8,0.7,0,0,0,0,0,0,0,0,0,0,0,0,0,1,0,0,0,0,0,0,0,0,0,0,0,1,0,0,0,0,0,0,0
Silene latifolia,0,0.2589285714285714,0.5,0.5,1,0,0,0,0,0,0,0,0,0,0,0,0,0,0,0,0,0,0,0,0,0,0,0,0,1,0,0,0,0,0,0,0
Reynoutria japonica,1,0.0625,0.5,0.5,0,0,0,0,0,0,0,0,0,0,0,0,0,0,0,1,0,0,0,0,0,0,0,0,1,0,0,0,0,0,0,0,0
Ranunculus bulbosus,0,0.1830357142857142,0.8,0.7,1,0,0,0,0,0,0,0,0,0,0,0,0,0,0,0,0,0,0,0,0,0,0,0,0,1,0,0,0,0,0,0,0
Viola riviniana,0,0.1696428571428571,0.5927692307692305,0.5972307692307692,0,0,0,0,0,0,0,0,0,0,0,0,0,0,0,1,0,0,0,0,0,0,0,0,0,0,0,1,0,0,0,0,0
Teucrium scorodonia,0,0.09375,0.3999999999999999,0.3,0,0,0,0,0,0,0,0,0,1,0,0,0,0,0,0,0,0,0,0,0,0,1,0,0,0,0,0,0,0,0,0,0
Nardus stricta,0,0.2410714285714285,0.1999999999999999,0.0999999999999999,0,0,0,1,0,0,0,0,0,0,0,0,0,0,0,0,0,0,0,0,0,0,0,0,0,1,0,0,0,0,0,0,0
Trifolium dubium,1,0.1785714285714285,0.7,0.6000000000000001,1,0,0,0,0,0,0,0,0,0,0,0,0,0,0,0,0,0,0,0,0,0,0,1,0,0,0,0,0,0,0,0,0
Carex hirta,0,0.1696428571428571,0.8,0.7,0,0,0,1,0,0,0,0,0,0,0,0,0,0,0,0,0,0,0,0,0,0,0,0,1,0,0,0,0,0,0,0,0
Equisetum palustre,0,0.4598214285714285,0.5,0.5,1,0,0,0,0,0,0,0,0,0,0,0,0,0,0,0,0,0,0,0,0,0,0,0,1,0,0,0,0,0,0,0,0
Matricaria discoidea,1,0.2633928571428571,0.7,0.6000000000000001,1,0,0,0,0,0,0,0,0,0,0,0,0,0,0,0,0,0,0,0,0,0,0,0,0,1,0,0,0,0,0,0,0
Pimpinella saxifraga,0,0.1919642857142857,0.8,0.7,1,0,0,0,0,0,0,0,0,0,0,0,0,0,0,0,0,0,0,0,0,0,0,0,1,0,0,0,0,0,0,0,0
Poa nemoralis,0,0.5625,0.5,0.5,0,0,0,1,0,0,0,0,0,0,0,0,0,0,0,0,0,0,0,0,0,0,1,0,0,0,0,0,1,0,1,0,0
Carex rostrata,0,0.3214285714285714,0.5927692307692305,0.5972307692307692,0,0,0,0,0,0,0,0,0,0,0,0,0,0,0,1,0,0,0,0,0,0,0,0,0,0,0,1,0,0,0,0,0
Empetrum nigrum,0,0.34375,0.2599999999999999,0.76,0,0,0,0,0,0,0,0,0,0,1,0,0,0,0,0,0,0,0,0,0,0,0,0,1,0,0,0,1,1,0,0,1
Hordeum vulgare,0,0.0044642857142857,0.3999999999999999,0.9000000000000001,0,0,0,1,0,0,0,0,0,0,0,0,0,0,0,0,0,0,0,0,0,0,0,0,0,1,0,0,0,1,0,1,0
Agrimonia eupatoria,0,0.2678571428571428,0.5927692307692305,0.5972307692307692,0,0,0,0,0,0,0,0,0,0,0,0,0,0,0,1,0,0,0,0,0,0,0,0,0,0,0,1,0,0,0,0,0
Dryopteris dilatata,0,0.1696428571428571,0.3999999999999999,0.3,0,0,0,0,0,0,0,0,0,0,0,0,0,0,0,1,0,0,0,0,1,0,0,0,0,0,0,0,0,0,0,0,0
Lonicera xylosteum,0,0.1517857142857142,0.8,0.7,0,0,0,0,0,1,0,0,0,0,0,0,0,0,0,0,0,0,0,0,0,0,0,1,0,0,0,0,0,0,0,0,0
Lysimachia arvensis,1,0.3571428571428571,0.7,0.6000000000000001,0,0,0,0,0,0,0,0,0,0,0,0,0,0,0,1,0,0,0,0,0,0,0,0,1,0,0,0,0,0,0,0,0
Festuca ovina,0,0.3169642857142857,0.5,0.5,0,0,0,1,0,0,0,0,0,0,0,0,0,0,0,0,0,0,0,0,0,0,0,0,0,1,0,0,1,0,1,0,0
Bromus sterilis,1,0.2142857142857142,0.5927692307692305,0.5972307692307692,0,0,0,0,0,0,0,0,0,0,0,0,0,0,0,1,0,0,0,0,0,0,0,0,0,0,0,1,0,0,0,0,0
Rubus caesius,0,0.2410714285714285,0.8,0.7,0,0,0,0,0,0,0,0,1,0,0,0,0,0,0,0,0,0,0,0,0,0,0,1,0,0,0,0,0,0,0,0,0
Lamium album,0,0.2901785714285714,0.5927692307692305,0.5972307692307692,0,0,0,0,0,0,0,0,0,0,0,0,0,0,0,1,0,0,0,0,0,0,0,0,0,0,0,1,0,0,0,0,0
Lolium arundinaceum,1,0.2767857142857142,0.5927692307692305,0.5972307692307692,0,0,0,0,0,0,0,0,0,0,0,0,0,0,0,1,0,0,0,0,0,0,0,0,0,0,0,1,0,0,0,0,0
Myosotis arvensis,1,0.2366071428571428,0.5,0.5,1,0,0,0,0,0,0,0,0,0,0,0,0,0,0,0,0,0,0,0,0,0,0,1,0,0,0,0,0,0,0,0,0
Luzula multiflora,0,0.5223214285714285,0.5927692307692305,0.5972307692307692,0,0,0,0,0,0,0,0,0,0,0,0,0,0,0,1,0,0,0,0,0,0,0,0,0,0,0,1,0,0,0,0,0
Castanea sativa,0,0.0491071428571428,0.5927692307692305,0.5972307692307692,0,0,0,0,0,0,0,0,0,0,0,0,0,0,0,1,0,0,0,0,0,0,0,0,0,0,0,1,0,0,0,0,0
Holcus mollis,0,0.1383928571428571,0.2999999999999999,0.1999999999999999,0,0,0,1,0,0,0,0,0,0,0,0,0,0,0,0,0,0,0,0,0,0,1,0,0,0,0,0,0,0,0,0,0
Origanum vulgare,0,0.3392857142857142,0.8,0.7,1,0,0,0,0,0,0,0,0,0,0,0,0,0,0,0,0,0,0,0,0,0,0,1,0,0,0,0,0,0,0,0,0
Symphytum officinale,0,0.1339285714285714,0.8,0.7,1,0,0,0,0,0,0,0,0,0,0,0,0,0,0,0,0,0,0,0,0,0,0,0,1,0,0,0,0,0,0,0,0
Lemna minor,0,0.75,0.2199999999999998,0.9600000000000002,1,0,0,0,0,0,0,0,0,0,0,0,0,0,0,0,0,0,0,0,0,0,0,0,1,0,0,0,0,0,0,1,0
Digitalis purpurea,1,0.0535714285714285,0.5927692307692305,0.5972307692307692,0,0,0,0,0,0,0,0,0,0,0,0,0,0,0,1,0,0,0,0,0,0,0,0,0,0,0,1,0,0,0,0,0
Pilosella officinarum,1,0.1696428571428571,0.5927692307692305,0.5972307692307692,1,0,0,0,0,0,0,0,0,0,0,0,0,0,0,0,0,0,0,0,0,0,0,0,0,0,0,1,0,0,0,0,0
Erodium cicutarium,1,0.3883928571428571,0.5927692307692305,0.5972307692307692,1,0,0,0,0,0,0,0,0,0,0,0,0,0,0,0,0,0,0,0,0,0,0,0,0,0,0,1,0,0,0,0,0
Valeriana officinalis,0,0.1294642857142857,0.8,0.7,1,0,0,0,0,0,0,0,0,0,0,0,0,0,0,0,0,0,0,0,0,0,0,0,1,0,0,0,0,0,0,0,0
Papaver rhoeas,0,0.25,0.8,0.7,1,0,0,0,0,0,0,0,0,0,0,0,0,0,0,0,0,0,0,0,0,0,0,0,0,1,0,0,0,0,0,0,0
Viburnum lantana,0,0.1071428571428571,0.5,0.7,0,0,0,0,0,0,0,0,0,0,0,0,0,0,1,0,0,0,0,0,0,0,0,0,1,0,0,0,0,1,0,0,1
Anthyllis vulneraria,0,0.2321428571428571,0.8,0.7,1,0,0,0,0,0,0,0,0,0,0,0,0,0,0,0,0,0,0,0,0,0,0,0,0,1,0,0,0,0,0,0,0
Echium vulgare,1,0.2232142857142857,0.7,0.6000000000000001,1,0,0,0,0,0,0,0,0,0,0,0,0,0,0,0,0,0,0,0,0,0,0,0,0,1,0,0,0,0,0,0,0
Comarum palustre,0,0.4196428571428571,0.5927692307692305,0.5972307692307692,0,0,0,0,0,0,0,0,0,0,0,0,0,0,0,1,0,0,0,0,0,0,0,0,0,0,0,1,0,0,0,0,0
Scrophularia nodosa,0,0.1785714285714285,0.7,0.6000000000000001,1,0,0,0,0,0,0,0,0,0,0,0,0,0,0,0,0,0,0,0,0,0,1,0,0,0,0,0,0,0,0,0,0
Humulus lupulus,0,0.2098214285714285,0.8,0.7,0,0,0,0,0,0,0,0,0,0,0,0,0,0,0,0,0,1,0,0,0,0,1,0,0,0,0,0,0,0,0,0,0
Mercurialis perennis,0,0.1696428571428571,0.7,0.6000000000000001,0,0,0,0,0,0,0,0,0,0,0,0,0,0,0,1,0,0,0,0,1,0,0,0,0,0,0,0,0,0,0,0,0
Convallaria majalis,0,0.1607142857142857,0.5,0.7,1,0,0,0,0,0,0,0,0,0,0,0,0,0,0,0,0,0,0,0,0,1,0,0,0,0,0,0,1,0,0,0,1
Robinia pseudoacacia,1,0.0357142857142857,0.3199999999999998,0.8399999999999999,0,0,0,0,0,0,0,0,0,0,0,0,0,1,0,0,0,0,0,0,0,0,0,0,0,1,0,0,0,1,0,1,0
Persicaria maculosa,0,0.34375,0.1999999999999999,0.9000000000000001,1,0,0,0,0,0,0,0,0,0,0,0,0,0,0,0,0,0,0,0,0,0,0,0,1,0,0,0,0,0,0,1,0
Carex sylvatica,0,0.1741071428571428,0.5927692307692305,0.5972307692307692,0,0,0,0,0,0,0,0,0,0,0,0,0,0,0,1,0,0,0,0,0,0,0,0,0,0,0,1,0,0,0,0,0
Juncus bufonius,0,0.9508928571428572,0.3199999999999998,0.72,0,0,0,1,0,0,0,0,0,0,0,0,0,0,0,0,0,0,0,0,0,0,0,0,1,0,0,0,0,0,0,1,0
Crepis capillaris,0,0.1428571428571428,0.5927692307692305,0.5972307692307692,0,0,0,0,0,0,0,0,0,0,0,0,0,0,0,1,0,0,0,0,0,0,0,0,0,0,0,1,0,0,0,0,0
Potentilla anserina,0,0.0,0.5927692307692305,0.5972307692307692,0,0,0,0,0,0,0,0,0,0,0,0,0,0,0,1,0,0,0,0,0,0,0,0,0,0,0,1,0,0,0,0,0
Alisma plantago-aquatica,0,0.4241071428571428,0.5927692307692305,0.5972307692307692,0,0,0,0,0,0,0,0,0,0,0,0,0,0,0,1,0,0,0,0,0,0,0,0,0,0,0,1,0,0,0,0,0
Platanus acerifolia,0,0.0,0.5927692307692305,0.5972307692307692,0,0,0,0,0,0,0,0,0,0,0,0,0,0,0,1,0,0,0,0,0,0,0,0,0,0,0,1,0,0,0,0,0
Geranium dissectum,1,0.2455357142857142,0.8999999999999999,0.8,1,0,0,0,0,0,0,0,0,0,0,0,0,0,0,0,0,0,0,0,0,0,0,0,1,0,0,0,0,0,0,0,0
Ononis spinosa,0,0.25,0.5927692307692305,0.5972307692307692,0,0,0,0,0,0,0,0,0,0,0,0,0,0,0,1,0,0,0,0,0,0,0,0,0,0,0,1,0,0,0,0,0
Neottia ovata,0,0.2366071428571428,0.8,0.7,0,0,0,0,0,0,0,0,0,0,0,0,0,0,0,1,0,0,0,0,1,0,0,0,0,0,0,0,0,0,0,0,0
Plantago media,0,0.21875,0.8,0.7,1,0,0,0,0,0,0,0,0,0,0,0,0,0,0,0,0,0,0,0,0,0,0,0,1,0,0,0,0,0,0,0,0
Lolium pratense,1,0.2633928571428571,0.5927692307692305,0.5972307692307692,0,0,0,0,0,0,0,0,0,0,0,0,0,0,0,1,0,0,0,0,0,0,0,0,0,0,0,1,0,0,0,0,0
Epipactis helleborine,0,0.3125,0.5,0.5,1,0,0,0,0,0,0,0,0,0,0,0,0,0,0,0,0,0,0,0,1,0,0,0,0,0,0,0,0,0,0,0,0
Brachypodium pinnatum,0,0.28125,0.8,0.7,0,0,0,1,0,0,0,0,0,0,0,0,0,0,0,0,0,0,0,0,0,0,1,0,0,0,0,0,0,0,0,0,0
Calamagrostis epigejos,1,0.3526785714285714,0.5,0.5,0,0,0,1,0,0,0,0,0,0,0,0,0,0,0,0,0,0,0,0,0,0,0,0,1,0,0,0,0,0,0,0,0
Cardamine hirsuta,0,0.3973214285714285,0.5,0.5,1,0,0,0,0,0,0,0,0,0,0,0,0,0,0,0,0,0,0,0,0,0,1,0,0,0,0,0,0,0,0,0,0
Juncus conglomeratus,0,0.1964285714285714,0.5,0.9600000000000002,0,0,0,1,0,0,0,0,0,0,0,0,0,0,0,0,0,0,0,0,0,0,0,0,0,1,0,0,0,0,1,0,0
Quercus petraea,0,0.1651785714285714,0.5,0.5,0,0,0,0,0,0,0,0,0,0,0,0,0,1,0,0,0,0,0,0,0,0,0,0,0,1,0,0,0,0,0,0,0
Lactuca serriola,1,0.3303571428571428,0.8,0.7,1,0,0,0,0,0,0,0,0,0,0,0,0,0,0,0,0,0,0,0,0,0,0,0,1,0,0,0,0,0,0,0,0
Vaccinium uliginosum,0,0.375,0.2999999999999999,0.3400000000000001,0,0,0,0,0,0,0,0,0,0,1,0,0,0,0,0,0,0,0,0,0,0,1,0,0,0,0,0,0,1,1,0,0
Geranium molle,0,0.25,0.5927692307692305,0.5972307692307692,0,0,0,0,0,0,0,0,0,0,0,0,0,0,0,1,0,0,0,0,0,0,0,0,0,0,0,1,0,0,0,0,0
Arum maculatum,0,0.1071428571428571,0.8,0.7,0,0,0,0,0,0,0,0,0,0,0,0,0,0,0,1,0,0,0,0,1,0,0,0,0,0,0,0,0,0,0,0,0
Geranium sylvaticum,0,0.1830357142857142,0.8,0.7,1,0,0,0,0,0,0,0,0,0,0,0,0,0,0,0,0,0,0,0,0,0,1,0,0,0,0,0,0,0,0,0,0
Sedum acre,0,0.1964285714285714,0.7,0.6000000000000001,1,0,0,0,0,0,0,0,0,0,0,0,0,0,0,0,0,0,0,0,0,0,0,0,0,1,0,0,0,0,0,0,0
Polypodium vulgare,0,0.2589285714285714,0.5927692307692305,0.5972307692307692,0,0,0,0,0,0,0,0,0,0,0,0,0,0,0,1,0,0,0,0,0,0,0,0,0,0,0,1,0,0,0,0,0
Zea mays,0,0.0133928571428571,0.5,0.7,0,0,0,1,0,0,0,0,0,0,0,0,0,0,0,0,0,0,0,0,0,0,0,0,0,0,1,0,0,1,0,1,0
Viola arvensis,0,0.21875,0.5927692307692305,0.5972307692307692,0,0,0,0,0,0,0,0,0,0,0,0,0,0,0,1,0,0,0,0,0,0,0,0,0,0,0,1,0,0,0,0,0
Achillea ptarmica,1,0.1428571428571428,0.3999999999999999,0.3,1,0,0,0,0,0,0,0,0,0,0,0,0,0,0,0,0,0,0,0,0,0,0,0,0,1,0,0,0,0,0,0,0
Veronica serpyllifolia,0,0.5892857142857143,0.5,0.5,1,0,0,0,0,0,0,0,0,0,0,0,0,0,0,0,0,0,0,0,0,0,0,0,1,0,0,0,0,0,0,0,0
Tilia cordata,0,0.1741071428571428,0.3599999999999999,0.6400000000000001,0,0,0,0,0,0,0,0,0,0,0,0,0,1,0,0,0,0,0,0,0,0,0,0,1,0,0,0,0,0,1,0,0
Sonchus arvensis,0,0.2678571428571428,0.8,0.7,1,0,0,0,0,0,0,0,0,0,0,0,0,0,0,0,0,0,0,0,0,0,0,0,1,0,0,0,0,0,0,0,0
Pistacia lentiscus,0,0.1026785714285714,0.5,0.5,0,0,0,0,0,1,0,0,0,0,0,0,0,0,0,0,0,0,0,0,0,0,0,0,1,0,0,0,0,0,0,0,0
Epilobium montanum,0,0.21875,0.5,0.5,1,0,0,0,0,0,0,0,0,0,0,0,0,0,0,0,0,0,0,0,0,0,1,0,0,0,0,0,0,0,0,0,0
Salix alba,0,0.2276785714285714,0.5927692307692305,0.5972307692307692,0,0,0,0,0,0,0,0,0,0,0,0,0,0,0,1,0,0,0,0,0,0,0,0,0,0,0,1,0,0,0,0,0
Erica tetralix,0,0.0625,0.1999999999999999,0.0999999999999999,0,0,0,0,0,0,0,0,0,0,1,0,0,0,0,0,0,0,0,0,0,0,0,1,0,0,0,0,0,0,0,0,0
Melampyrum pratense,0,0.1473214285714285,0.2999999999999999,0.1999999999999999,0,0,0,0,0,0,0,0,0,0,0,0,0,0,0,1,0,0,0,0,0,0,0,1,0,0,0,0,0,0,0,0,0
Tripleurospermum inodorum,0,0.2142857142857142,0.7,0.6000000000000001,0,0,0,0,0,0,0,0,0,0,0,0,0,0,0,1,0,0,0,0,0,0,0,0,0,1,0,0,0,0,0,0,0
Eleocharis palustris,0,0.65625,0.1999999999999999,0.8,0,0,0,1,0,0,0,0,0,0,0,0,0,0,0,0,0,0,0,0,0,0,0,0,0,1,0,0,1,0,1,0,0
Solanum nigrum,1,0.4776785714285714,0.8,0.7,0,0,0,0,0,0,0,0,0,1,0,0,0,0,0,0,0,0,0,0,0,0,0,0,1,0,0,0,0,0,0,0,0
Arenaria serpyllifolia,0,0.4196428571428571,0.5927692307692305,0.5972307692307692,0,0,0,0,0,0,0,0,0,0,0,0,0,0,0,1,0,0,0,0,0,0,0,0,0,0,0,1,0,0,0,0,0
Leontodon hispidus,0,0.1651785714285714,0.5927692307692305,0.5972307692307692,0,0,0,0,0,0,0,0,0,0,0,0,0,0,0,1,0,0,0,0,0,0,0,0,0,0,0,1,0,0,0,0,0
Cerastium glomeratum,0,0.3258928571428571,0.5,0.5,1,0,0,0,0,0,0,0,0,0,0,0,0,0,0,0,0,0,0,0,0,0,0,0,1,0,0,0,0,0,0,0,0
Geum rivale,0,0.3392857142857142,0.3599999999999999,0.6000000000000001,1,0,0,0,0,0,0,0,0,0,0,0,0,0,0,0,0,0,0,0,0,0,1,0,0,0,0,0,0,0,1,0,0
Sagina procumbens,0,0.2544642857142857,0.7,0.6000000000000001,1,0,0,0,0,0,0,0,0,0,0,0,0,0,0,0,0,0,0,0,0,0,0,0,0,1,0,0,0,0,0,0,0
Glyceria maxima,1,0.15625,0.8999999999999999,0.8,0,0,0,1,0,0,0,0,0,0,0,0,0,0,0,0,0,0,0,0,0,0,0,0,0,1,0,0,0,0,0,0,0
Carex pilulifera,0,0.1383928571428571,0.5927692307692305,0.5972307692307692,0,0,0,0,0,0,0,0,0,0,0,0,0,0,0,1,0,0,0,0,0,0,0,0,0,0,0,1,0,0,0,0,0
Lysimachia nummularia,0,0.2544642857142857,0.5,0.5,1,0,0,0,0,0,0,0,0,0,0,0,0,0,0,0,0,0,0,0,0,0,1,0,0,0,0,0,0,0,0,0,0
Trifolium campestre,0,0.2767857142857142,0.3999999999999999,0.3,1,0,0,0,0,0,0,0,0,0,0,0,0,0,0,0,0,0,0,0,0,0,0,0,0,1,0,0,0,0,0,0,0
Helianthemum nummularium,0,0.1875,0.8,0.7,0,0,0,0,0,0,0,0,0,0,0,0,0,0,0,1,0,0,0,0,0,0,0,0,1,0,0,0,0,0,0,0,0
Hypnum cupressiforme,0,0.0,0.5927692307692305,0.5972307692307692,0,0,0,0,1,0,0,0,0,0,0,0,0,0,0,0,0,0,0,0,0,0,0,0,0,0,0,1,0,0,0,0,0
Linum catharticum,0,0.1964285714285714,0.8,0.7,1,0,0,0,0,0,0,0,0,0,0,0,0,0,0,0,0,0,0,0,0,0,0,0,0,1,0,0,0,0,0,0,0
Galium odoratum,0,0.2321428571428571,0.5,0.5,1,0,0,0,0,0,0,0,0,0,0,0,0,0,0,0,0,0,0,0,1,0,0,0,0,0,0,0,0,0,0,0,0
Viola palustris,0,0.2544642857142857,0.5927692307692305,0.5972307692307692,0,0,0,0,0,0,0,0,0,0,0,0,0,0,0,1,0,0,0,0,0,0,0,0,0,0,0,1,0,0,0,0,0
Avenella flexuosa,0,0.5044642857142857,0.3599999999999999,0.56,0,0,0,1,0,0,0,0,0,0,0,0,0,0,0,0,0,0,0,0,0,0,1,0,0,0,0,0,0,0,1,0,0
Alopecurus geniculatus,0,0.1741071428571428,0.5927692307692305,0.5972307692307692,0,0,0,0,0,0,0,0,0,0,0,0,0,0,0,1,0,0,0,0,0,0,0,0,0,0,0,1,0,0,0,0,0
Scirpus sylvaticus,0,0.1830357142857142,0.5927692307692305,0.5972307692307692,0,0,0,0,0,0,0,0,0,0,0,0,0,0,0,1,0,0,0,0,0,0,0,0,0,0,0,1,0,0,0,0,0
Luzula pilosa,0,0.1919642857142857,0.3999999999999999,0.3,0,0,0,0,0,0,0,0,0,0,0,0,0,0,0,1,0,0,0,0,0,1,0,0,0,0,0,0,0,0,0,0,0
Veronica beccabunga,0,0.3169642857142857,0.8,0.7,1,0,0,0,0,0,0,0,0,0,0,0,0,0,0,0,0,0,0,0,0,0,0,0,0,1,0,0,0,0,0,0,0
Tragopogon pratensis,0,0.1473214285714285,0.8,0.7,1,0,0,0,0,0,0,0,0,0,0,0,0,0,0,0,0,0,0,0,0,0,0,0,0,1,0,0,0,0,0,0,0
Gymnadenia conopsea,0,0.2678571428571428,0.5927692307692305,0.5972307692307692,1,0,0,0,0,0,0,0,0,0,0,0,0,0,0,0,0,0,0,0,0,0,0,0,0,0,0,1,0,0,0,0,0
Medicago sativa,1,0.0758928571428571,0.6000000000000001,0.9000000000000001,1,0,0,0,0,0,0,0,0,0,0,0,0,0,0,0,0,0,0,0,0,0,0,0,0,1,0,0,0,0,0,1,0
Polygonatum multiflorum,0,0.1517857142857142,0.5,0.5,1,0,0,0,0,0,0,0,0,0,0,0,0,0,0,0,0,0,0,0,0,1,0,0,0,0,0,0,0,0,0,0,0
Circaea lutetiana,0,0.1651785714285714,0.7,0.6000000000000001,1,0,0,0,0,0,0,0,0,0,0,0,0,0,0,0,0,0,0,0,0,1,0,0,0,0,0,0,0,0,0,0,0
Juncus inflexus,0,0.3303571428571428,0.8999999999999999,0.8,0,0,0,1,0,0,0,0,0,0,0,0,0,0,0,0,0,0,0,0,0,0,0,0,0,1,0,0,0,0,0,0,0
Clinopodium vulgare,0,0.2544642857142857,0.8,0.7,1,0,0,0,0,0,0,0,0,0,0,0,0,0,0,0,0,0,0,0,0,0,0,1,0,0,0,0,0,0,0,0,0
Rhinanthus minor,0,0.1875,0.8,0.7,1,0,0,0,0,0,0,0,0,0,0,0,0,0,0,0,0,0,0,0,0,0,0,0,0,1,0,0,0,1,1,0,0
Eriophorum vaginatum,0,0.3705357142857142,0.1999999999999999,0.0999999999999999,0,0,0,1,0,0,0,0,0,0,0,0,0,0,0,0,0,0,0,0,0,0,0,0,1,0,0,0,0,0,0,0,0
Carex leporina,0,0.2544642857142857,0.5927692307692305,0.5972307692307692,0,0,0,0,0,0,0,0,0,0,0,0,0,0,0,1,0,0,0,0,0,0,0,0,0,0,0,1,0,0,0,0,0
Sambucus racemosa,0,0.3303571428571428,0.3999999999999999,0.3,0,0,0,0,0,0,0,0,0,0,0,0,0,0,1,0,0,0,0,0,0,0,1,0,0,0,0,0,0,0,0,0,0
Dactylorhiza maculata,0,0.2142857142857142,0.5,0.5,0,0,0,0,0,0,0,0,0,0,0,0,0,0,0,1,0,0,0,0,0,0,0,0,1,0,0,0,0,0,0,0,0
Galium album,1,0.1785714285714285,0.5927692307692305,0.5972307692307692,0,0,0,0,0,0,0,0,0,0,0,0,0,0,0,1,0,0,0,0,0,0,0,0,0,0,0,1,0,0,0,0,0
Stachys palustris,0,0.2142857142857142,0.54,0.8,1,0,0,0,0,0,0,0,0,0,0,0,0,0,0,0,0,0,0,0,0,0,0,0,1,0,0,0,1,0,1,0,0
Sparganium erectum,0,0.2633928571428571,0.8,0.7,1,0,0,0,0,0,0,0,0,0,0,0,0,0,0,0,0,0,0,0,0,0,0,0,0,1,0,0,0,0,0,0,0
Betonica officinalis,0,0.1696428571428571,0.5,0.5,0,0,0,0,0,0,0,0,0,0,0,0,0,0,0,1,0,0,0,0,0,0,0,1,0,0,0,0,0,0,0,0,0
Lavandula stoechas,0,0.0848214285714285,0.2999999999999999,0.1999999999999999,0,0,0,0,0,1,0,0,0,0,0,0,0,0,0,0,0,0,0,0,0,0,0,0,0,1,0,0,0,0,0,0,0
Dipsacus fullonum,0,0.15625,0.5927692307692305,0.5972307692307692,0,0,0,0,0,0,0,0,0,0,0,0,0,0,0,1,0,0,0,0,0,0,0,0,0,0,0,1,0,0,0,0,0
Menyanthes trifoliata,0,0.5089285714285714,0.3599999999999999,0.5,1,0,0,0,0,0,0,0,0,0,0,0,0,0,0,0,0,0,0,0,0,0,0,0,1,0,0,0,1,0,1,0,0
Sisymbrium officinale,0,0.2455357142857142,0.8,0.7,1,0,0,0,0,0,0,0,0,0,0,0,0,0,0,0,0,0,0,0,0,0,0,0,0,1,0,0,0,0,0,0,0
Maianthemum bifolium,0,0.2366071428571428,0.2999999999999999,0.1999999999999999,0,0,0,0,0,0,0,0,0,0,0,0,0,0,0,1,0,0,0,0,0,1,0,0,0,0,0,0,0,0,0,0,0
Agrostis canina,0,0.2053571428571428,0.5927692307692305,0.5972307692307692,0,0,0,0,0,0,0,0,0,0,0,0,0,0,0,1,0,0,0,0,0,0,0,0,0,0,0,1,0,0,0,0,0
Euphorbia helioscopia,0,0.3571428571428571,0.8,0.7,1,0,0,0,0,0,0,0,0,0,0,0,0,0,0,0,0,0,0,0,0,0,0,0,0,1,0,0,0,0,0,0,0
Ulmus glabra,0,0.1651785714285714,0.5,0.5,0,0,0,0,0,0,0,0,0,0,0,0,0,1,0,0,0,0,0,0,0,0,0,0,1,0,0,0,0,0,0,0,0
Phaseolus vulgaris,1,0.0491071428571428,0.7,0.6000000000000001,0,0,0,0,0,0,0,0,0,0,0,0,0,0,0,0,0,1,0,0,0,0,0,0,0,1,0,0,0,0,0,0,0
Ulex europaeus,1,0.0535714285714285,0.3999999999999999,0.3,0,0,0,0,0,1,0,0,0,0,0,0,0,0,0,0,0,0,0,0,0,0,0,0,0,1,0,0,0,0,0,0,0
Carex arenaria,0,0.0714285714285714,0.5927692307692305,0.5972307692307692,0,0,0,0,0,0,0,0,0,0,0,0,0,0,0,1,0,0,0,0,0,0,0,0,0,0,0,1,0,0,0,0,0
Erigeron annuus,1,0.2366071428571428,0.8,0.7,1,0,0,0,0,0,0,0,0,0,0,0,0,0,0,0,0,0,0,0,0,0,0,0,0,1,0,0,0,0,1,0,0
Trifolium arvense,0,0.2678571428571428,0.5927692307692305,0.5972307692307692,1,0,0,0,0,0,0,0,0,0,0,0,0,0,0,0,0,0,0,0,0,0,0,0,0,0,0,1,0,0,0,0,0
Epilobium palustre,0,0.4776785714285714,0.2999999999999999,0.1999999999999999,1,0,0,0,0,0,0,0,0,0,0,0,0,0,0,0,0,0,0,0,0,0,0,0,0,1,0,0,0,0,0,0,0
Carex acutiformis,0,0.2723214285714285,0.5927692307692305,0.5972307692307692,0,0,0,0,0,0,0,0,0,0,0,0,0,0,0,1,0,0,0,0,0,0,0,0,0,0,0,1,0,0,0,0,0
Saponaria officinalis,1,0.1517857142857142,0.3999999999999999,0.6000000000000001,1,0,0,0,0,0,0,0,0,0,0,0,0,0,0,0,0,0,0,0,0,0,0,0,1,0,0,0,1,0,1,0,0
Carex echinata,0,0.4910714285714285,0.5927692307692305,0.5972307692307692,0,0,0,0,0,0,0,0,0,0,0,0,0,0,0,1,0,0,0,0,0,0,0,0,0,0,0,1,0,0,0,0,0
Centaurea scabiosa,0,0.1964285714285714,0.8999999999999999,0.8,1,0,0,0,0,0,0,0,0,0,0,0,0,0,0,0,0,0,0,0,0,0,0,0,1,0,0,0,0,0,0,0,0
Cichorium intybus,1,0.2678571428571428,0.6000000000000001,0.7,1,0,0,0,0,0,0,0,0,0,0,0,0,0,0,0,0,0,0,0,0,0,0,0,0,1,0,0,0,0,0,1,0
Scutellaria galericulata,0,0.4955357142857142,0.7,0.6000000000000001,1,0,0,0,0,0,0,0,0,0,0,0,0,0,0,0,0,0,0,0,0,0,0,0,1,0,0,0,0,0,0,0,0
Trisetum flavescens,0,0.1830357142857142,0.8,0.7,0,0,0,1,0,0,0,0,0,0,0,0,0,0,0,0,0,0,0,0,0,0,0,0,0,1,0,0,0,0,0,0,0
Eryngium campestre,0,0.1830357142857142,0.8999999999999999,0.8,1,0,0,0,0,0,0,0,0,0,0,0,0,0,0,0,0,0,0,0,0,0,0,0,0,0,1,0,0,0,0,0,0
Vicia hirsuta,0,0.3616071428571428,0.3999999999999999,0.3,0,0,0,0,0,0,0,0,0,0,0,0,0,0,0,0,0,1,0,0,0,0,0,1,0,0,0,0,0,0,0,0,0
Juncus acutiflorus,0,0.1294642857142857,0.7,0.6000000000000001,0,0,0,1,0,0,0,0,0,0,0,0,0,0,0,0,0,0,0,0,0,0,0,0,0,1,0,0,0,0,0,0,0
Alnus incana,0,0.3348214285714285,0.3999999999999999,0.6000000000000001,0,0,0,0,0,0,0,0,0,0,0,0,0,0,1,0,0,0,0,0,0,0,0,0,1,0,0,0,1,0,0,1,0
Salvia pratensis,0,0.125,0.8999999999999999,0.8,1,0,0,0,0,0,0,0,0,0,0,0,0,0,0,0,0,0,0,0,0,0,0,0,0,1,0,0,0,0,0,0,0
Brachythecium rutabulum,0,0.0,0.5927692307692305,0.5972307692307692,0,0,0,0,1,0,0,0,0,0,0,0,0,0,0,0,0,0,0,0,0,0,0,0,0,0,0,1,0,0,0,0,0
Asplenium trichomanes,0,0.6339285714285714,0.5927692307692305,0.5972307692307692,0,0,0,0,0,0,0,0,0,0,0,0,0,0,0,1,0,0,0,0,0,0,0,0,0,0,0,1,0,0,0,0,0
Drosera rotundifolia,0,0.4955357142857142,0.5,0.5,1,0,0,0,0,0,0,0,0,0,0,0,0,0,0,0,0,0,0,0,0,0,0,0,0,1,0,0,0,0,0,0,0
Quercus pubescens,0,0.1071428571428571,0.8,0.7,0,0,0,0,0,0,0,0,0,0,0,0,0,1,0,0,0,0,0,0,0,0,0,0,0,1,0,0,0,0,0,0,0
Draba verna,0,0.2678571428571428,0.5,0.5,1,0,0,0,0,0,0,0,0,0,0,0,0,0,0,0,0,0,0,0,0,0,0,0,0,1,0,0,0,0,0,0,0
Galium saxatile,0,0.0982142857142857,0.1999999999999999,0.0999999999999999,1,0,0,0,0,0,0,0,0,0,0,0,0,0,0,0,0,0,0,0,0,0,0,1,0,0,0,0,0,0,0,0,0
Paris quadrifolia,0,0.2098214285714285,0.8,0.7,0,0,0,0,0,0,0,0,0,0,0,0,0,0,0,1,0,0,0,0,0,1,0,0,0,0,0,0,0,0,0,0,0
Fallopia convolvulus,1,0.40625,0.7,0.6000000000000001,0,0,0,0,0,0,0,0,0,0,0,0,0,0,0,0,0,1,0,0,0,0,0,0,1,0,0,0,0,0,0,0,0
Trifolium medium,0,0.1696428571428571,0.8,0.7,1,0,0,0,0,0,0,0,0,0,0,0,0,0,0,0,0,0,0,0,0,0,0,0,1,0,0,0,0,0,0,1,0
Danthonia decumbens,0,0.2008928571428571,0.2999999999999999,0.1999999999999999,0,0,0,1,0,0,0,0,0,0,0,0,0,0,0,0,0,0,0,0,0,0,0,0,1,0,0,0,0,0,0,0,0
Verbascum thapsus,1,0.2455357142857142,0.8,0.7,1,0,0,0,0,0,0,0,0,0,0,0,0,0,0,0,0,0,0,0,0,0,0,0,0,1,0,0,0,0,0,0,0
Arctium minus,0,0.2276785714285714,0.8,0.7,1,0,0,0,0,0,0,0,0,0,0,0,0,0,0,0,0,0,0,0,0,0,0,0,0,0,1,0,0,0,0,0,0
Lupinus polyphyllus,1,0.0758928571428571,0.3999999999999999,0.3,1,0,0,0,0,0,0,0,0,0,0,0,0,0,0,0,0,0,0,0,0,0,0,0,1,0,0,0,0,0,0,0,0
Melilotus albus,1,0.3303571428571428,0.7,0.8,0,0,0,0,0,0,0,0,0,0,0,0,0,0,0,1,0,0,0,0,0,0,0,0,0,0,1,0,0,0,0,1,0
Ulmus minor,1,0.2142857142857142,0.8,0.7,0,0,0,0,0,0,0,0,0,0,0,0,0,0,0,1,0,0,0,0,0,0,0,0,1,0,0,0,0,0,0,0,0
Vinca minor,1,0.09375,0.5,0.74,0,0,1,0,0,0,0,0,0,0,0,0,0,0,0,0,0,0,0,0,1,0,0,0,0,0,0,0,1,0,1,0,0
Equisetum sylvaticum,0,0.4330357142857142,0.1999999999999999,0.5,1,0,0,0,0,0,0,0,0,0,0,0,0,0,0,0,0,0,0,0,0,1,0,0,0,0,0,0,1,0,0,1,0
Polygala vulgaris,0,0.1607142857142857,0.8,0.7,1,0,0,0,0,0,0,0,0,0,0,0,0,0,0,0,0,0,0,0,0,0,0,0,0,1,0,0,0,0,0,0,0
Parnassia palustris,0,0.4196428571428571,0.6000000000000001,0.8,1,0,0,0,0,0,0,0,0,0,0,0,0,0,0,0,0,0,0,0,0,0,0,0,0,1,0,0,1,0,1,0,0
Pastinaca sativa,0,0.15625,0.7,0.6000000000000001,1,0,0,0,0,0,0,0,0,0,0,0,0,0,0,0,0,0,0,0,0,0,0,0,1,0,0,0,0,0,0,0,0
Teucrium chamaedrys,0,0.1651785714285714,0.8999999999999999,0.8,0,0,0,0,0,0,0,0,0,0,0,0,0,0,0,1,0,0,0,0,0,0,0,0,1,0,0,0,0,0,0,0,0
Anacamptis pyramidalis,0,0.1875,1.0,1.0,0,0,0,0,0,0,0,0,0,0,0,0,0,0,0,1,0,0,0,0,0,0,0,0,0,1,0,0,0,0,0,0,0
Gnaphalium uliginosum,0,0.4642857142857142,0.5927692307692305,0.5972307692307692,0,0,0,0,0,0,0,0,0,0,0,0,0,0,0,1,0,0,0,0,0,0,0,0,0,0,0,1,0,0,0,0,0
Arabidopsis thaliana,0,0.3794642857142857,0.3999999999999999,0.3,1,0,0,0,0,0,0,0,0,0,0,0,0,0,0,0,0,0,0,0,0,0,0,1,0,0,0,0,0,0,0,0,0
Cirsium oleraceum,0,0.125,0.8,0.7,0,0,0,0,0,0,0,0,0,0,0,0,0,0,0,1,0,0,0,0,0,0,1,0,0,0,0,0,0,0,0,0,0
Moehringia trinervia,0,0.2366071428571428,0.7,0.6000000000000001,1,0,0,0,0,0,0,0,0,0,0,0,0,0,0,0,0,0,0,0,0,1,0,0,0,0,0,0,0,0,0,0,0
Dicranum scoparium,0,0.0,0.5927692307692305,0.5972307692307692,0,0,0,0,1,0,0,0,0,0,0,0,0,0,0,0,0,0,0,0,0,0,0,0,0,0,0,1,0,0,0,0,0
Allium ursinum,0,0.1339285714285714,0.8999999999999999,0.8,0,0,0,0,0,0,0,0,0,0,0,0,0,0,0,1,0,0,0,0,0,1,0,0,0,0,0,0,0,0,0,0,0
Epilobium parviflorum,0,0.28125,0.8,0.7,1,0,0,0,0,0,0,0,0,0,0,0,0,0,0,0,0,0,0,0,0,0,0,0,1,0,0,0,0,0,0,0,0
Sedum album,0,0.1607142857142857,0.7,0.6000000000000001,1,0,0,0,0,0,0,0,0,0,0,0,0,0,0,0,0,0,0,0,0,0,0,0,0,0,1,0,0,0,0,0,0
Prunus serotina,1,0.25,0.1999999999999999,0.7,0,0,0,0,0,0,0,0,0,0,0,0,0,0,1,0,0,0,0,0,0,1,0,0,0,0,0,0,0,1,0,1,0
Orchis mascula,0,0.2142857142857142,0.5927692307692305,0.5972307692307692,0,0,0,0,0,0,0,0,0,0,0,0,0,0,0,1,0,0,0,0,0,0,0,0,0,0,0,1,0,0,0,0,0
Hypericum maculatum,0,0.1428571428571428,0.5927692307692305,0.5972307692307692,0,0,0,0,0,0,0,0,0,0,0,0,0,0,0,1,0,0,0,0,0,0,0,0,0,0,0,1,0,0,0,0,0
Ranunculus sceleratus,0,0.6741071428571428,0.3599999999999999,0.8800000000000001,1,0,0,0,0,0,0,0,0,0,0,0,0,0,0,0,0,0,0,0,0,0,0,0,0,1,0,0,0,0,0,1,0
Helleborus foetidus,0,0.0535714285714285,0.8999999999999999,0.8,1,0,0,0,0,0,0,0,0,0,0,0,0,0,0,0,0,0,0,0,0,0,1,0,0,0,0,0,0,0,0,0,0
Thymus pulegioides,0,0.1339285714285714,0.5,0.5,0,0,0,0,0,0,0,0,0,0,1,0,0,0,0,0,0,0,0,0,0,0,0,0,0,1,0,0,0,0,0,0,0
Avena sativa,0,0.0089285714285714,0.5927692307692305,0.5972307692307692,0,0,0,0,0,0,0,0,0,0,0,0,0,0,0,1,0,0,0,0,0,0,0,0,0,0,0,1,0,0,0,0,0
Hordeum murinum,1,0.2633928571428571,0.8999999999999999,0.8,0,0,0,1,0,0,0,0,0,0,0,0,0,0,0,0,0,0,0,0,0,0,0,0,0,1,0,0,0,0,0,0,0
Matricaria chamomilla,1,0.3125,0.3999999999999999,0.3,0,0,0,0,0,0,0,0,0,0,0,0,0,0,0,1,0,0,0,0,0,0,0,0,1,0,0,0,0,0,0,0,0
Hyacinthoides non-scripta,0,0.03125,0.3999999999999999,0.3,1,0,0,0,0,0,0,0,0,0,0,0,0,0,0,0,0,0,0,0,0,1,0,0,0,0,0,0,0,0,0,0,0
Malva sylvestris,0,0.2767857142857142,0.8,0.7,1,0,0,0,0,0,0,0,0,0,0,0,0,0,0,0,0,0,0,0,0,0,0,0,0,1,0,0,0,0,0,0,0
Abies alba,0,0.0803571428571428,0.5927692307692305,0.5972307692307692,0,0,0,0,0,0,0,0,0,0,0,0,0,0,0,1,0,0,0,0,0,0,0,0,0,0,0,1,0,0,0,0,0
Echinochloa crus-galli,1,0.9553571428571428,0.8999999999999999,0.8,0,0,0,1,0,0,0,0,0,0,0,0,0,0,0,0,0,0,0,0,0,0,0,0,0,1,0,0,0,0,0,0,0
Torilis japonica,0,0.2410714285714285,0.8999999999999999,0.8,1,0,0,0,0,0,0,0,0,0,0,0,0,0,0,0,0,0,0,0,0,0,0,1,0,0,0,0,0,0,0,0,0
Pinus nigra,1,0.0803571428571428,0.5927692307692305,0.5972307692307692,0,0,0,0,0,0,0,0,0,0,0,0,0,0,0,1,0,0,0,0,0,0,0,0,0,0,0,1,0,0,0,0,0
Galium uliginosum,0,0.1964285714285714,0.5927692307692305,0.5972307692307692,0,0,0,0,0,0,0,0,0,0,0,0,0,0,0,1,0,0,0,0,0,0,0,0,0,0,0,1,0,0,0,0,0
Hieracium umbellatum,0,0.5,0.3999999999999999,0.3,1,0,0,0,0,0,0,0,0,0,0,0,0,0,0,0,0,0,0,0,0,0,0,1,0,0,0,0,0,0,0,0,0
Platanthera bifolia,0,0.2366071428571428,0.8,0.7,0,0,0,0,0,0,0,0,0,0,0,0,0,0,0,1,0,0,0,0,0,0,0,1,0,0,0,0,0,0,0,0,0
Veronica hederifolia,0,0.2410714285714285,0.3999999999999999,0.3,1,0,0,0,0,0,0,0,0,0,0,0,0,0,0,0,0,0,0,0,0,0,0,0,1,0,0,0,0,0,0,0,0
Rhamnus cathartica,1,0.2008928571428571,0.8999999999999999,0.8,0,0,0,0,0,0,0,0,0,0,0,0,0,0,1,0,0,0,0,0,0,0,0,1,0,0,0,0,0,0,0,0,0
Senecio inaequidens,1,0.0357142857142857,0.8,0.7,0,0,0,0,0,0,0,0,0,0,1,0,0,0,0,0,0,0,0,0,0,0,0,0,0,1,0,0,0,0,0,0,0
Carex remota,0,0.2142857142857142,0.3999999999999999,0.3,0,0,0,1,0,0,0,0,0,0,0,0,0,0,0,0,0,0,0,0,0,0,1,0,0,0,0,0,0,0,0,0,0
Euphorbia peplus,0,0.25,0.8,0.7,1,0,0,0,0,0,0,0,0,0,0,0,0,0,0,0,0,0,0,0,0,0,0,0,0,1,0,0,0,0,0,0,0
Sanguisorba officinalis,0,0.3258928571428571,0.8,0.7,1,0,0,0,0,0,0,0,0,0,0,0,0,0,0,0,0,0,0,0,0,0,0,0,0,1,0,0,0,0,0,0,0
Milium effusum,0,0.4419642857142857,0.5927692307692305,0.5972307692307692,0,0,0,0,0,0,0,0,0,0,0,0,0,0,0,1,0,0,0,0,0,0,0,0,0,0,0,1,0,0,0,0,0
Mentha arvensis,0,0.2410714285714285,0.3999999999999999,0.6000000000000001,1,0,0,0,0,0,0,0,0,0,0,0,0,0,0,0,0,0,0,0,0,0,0,0,0,1,0,0,0,0,1,0,0
Epilobium ciliatum,1,0.4107142857142857,0.7,0.6000000000000001,1,0,0,0,0,0,0,0,0,0,0,0,0,0,0,0,0,0,0,0,0,0,1,0,0,0,0,0,0,0,0,0,0
Jasione montana,0,0.1517857142857142,0.2999999999999999,0.1999999999999999,1,0,0,0,0,0,0,0,0,0,0,0,0,0,0,0,0,0,0,0,0,0,0,0,1,0,0,0,0,0,0,0,0
Cruciata laevipes,0,0.1428571428571428,0.8,0.7,1,0,0,0,0,0,0,0,0,0,0,0,0,0,0,0,0,0,0,0,0,0,0,1,0,0,0,0,0,0,0,0,0
Hydrocotyle vulgaris,0,0.125,0.5,0.5,1,0,0,0,0,0,0,0,0,0,0,0,0,0,0,0,0,0,0,0,0,0,0,0,1,0,0,0,0,0,0,0,0
Buddleja davidii,1,0.0178571428571428,0.8,0.7,0,0,0,0,0,1,0,0,0,0,0,0,0,0,0,0,0,0,0,0,0,0,0,0,1,0,0,0,0,0,0,0,0
Juglans regia,1,0.0446428571428571,0.6000000000000001,0.7,0,0,0,0,0,0,0,0,0,0,0,0,0,1,0,0,0,0,0,0,0,0,0,0,0,1,0,0,0,1,0,1,0
Sanguisorba minor,0,0.25,0.5927692307692305,0.5972307692307692,0,0,0,0,0,0,0,0,0,0,0,0,0,0,0,1,0,0,0,0,0,0,0,0,0,0,0,1,0,0,0,0,0
Carex canescens,0,0.4910714285714285,0.5927692307692305,0.5972307692307692,0,0,0,0,0,0,0,0,0,0,0,0,0,0,0,1,0,0,0,0,0,0,0,0,0,0,0,1,0,0,0,0,0
Asplenium ruta-muraria,0,0.4419642857142857,0.8999999999999999,0.8,1,0,0,0,0,0,0,0,0,0,0,0,0,0,0,0,0,0,0,0,0,0,0,0,1,0,0,0,0,0,0,0,0
Verbena officinalis,0,0.4241071428571428,0.8,0.7,1,0,0,0,0,0,0,0,0,0,0,0,0,0,0,0,0,0,0,0,0,0,0,0,0,1,0,0,0,0,0,0,0
Centaurea nigra,0,0.0714285714285714,0.5927692307692305,0.5972307692307692,0,0,0,0,0,0,0,0,0,0,0,0,0,0,0,1,0,0,0,0,0,0,0,0,0,0,0,1,0,0,0,0,0
Dactylorhiza fuchsii,0,0.0,0.5927692307692305,0.5972307692307692,0,0,0,0,0,0,0,0,0,0,0,0,0,0,0,1,0,0,0,0,0,0,0,0,0,0,0,1,0,0,0,0,0
Sinapis arvensis,0,0.0,0.8999999999999999,0.8,1,0,0,0,0,0,0,0,0,0,0,0,0,0,0,0,0,0,0,0,0,0,0,0,1,0,0,0,0,0,0,0,0
Atriplex prostrata,1,0.34375,0.8,0.7,1,0,0,0,0,0,0,0,0,0,0,0,0,0,0,0,0,0,0,0,0,0,0,0,0,1,0,0,0,0,0,0,0
Prunus laurocerasus,1,0.0491071428571428,0.5,0.5,0,0,0,0,0,0,0,0,0,0,0,0,0,0,1,0,0,0,0,0,0,0,0,0,0,1,0,0,0,0,0,0,0
Cerastium arvense,0,0.2053571428571428,0.8,0.7,1,0,0,0,0,0,0,0,0,0,0,0,0,0,0,0,0,0,0,0,0,0,0,0,0,1,0,0,0,0,0,0,0
Festuca arundinacea,0,0.0,0.5927692307692305,0.5972307692307692,0,0,0,0,0,0,0,0,0,0,0,0,0,0,0,1,0,0,0,0,0,0,0,0,0,0,0,1,0,0,0,0,0
Pyrus calleryana,1,0.03125,0.3999999999999999,0.7,0,0,0,0,0,0,0,0,0,0,0,0,0,1,0,0,0,0,0,0,0,0,0,0,0,0,0,1,0,1,1,0,0
Hippocrepis comosa,0,0.0803571428571428,0.5927692307692305,0.5972307692307692,0,0,0,0,0,0,0,0,0,0,0,0,0,0,0,1,0,0,0,0,0,0,0,0,0,0,0,1,0,0,0,0,0
Euphorbia amygdaloides,0,0.1383928571428571,0.5927692307692305,0.5972307692307692,0,0,0,0,0,0,0,0,0,0,0,0,0,0,0,1,0,0,0,0,0,0,0,0,0,0,0,1,0,0,0,0,0
Trollius europaeus,0,0.1294642857142857,0.8,0.7,0,0,0,0,0,0,0,0,0,0,0,0,0,0,0,1,0,0,0,0,0,0,0,0,1,0,0,0,0,0,0,0,0
Asplenium scolopendrium,0,0.2544642857142857,0.5927692307692305,0.5972307692307692,1,0,0,0,0,0,0,0,0,0,0,0,0,0,0,0,0,0,0,0,0,0,0,0,0,0,0,1,0,0,0,0,0
Juniperus oxycedrus,0,0.0446428571428571,0.5927692307692305,0.5972307692307692,0,0,0,0,0,1,0,0,0,0,0,0,0,0,0,0,0,0,0,0,0,0,0,0,0,0,0,1,0,0,0,0,0
Carex disticha,0,0.1741071428571428,0.5,0.5,0,0,0,1,0,0,0,0,0,0,0,0,0,0,0,0,0,0,0,0,0,0,0,0,0,1,0,0,0,0,0,0,0
Dioscorea communis,0,0.1696428571428571,0.8,0.7,0,0,0,0,0,0,0,0,0,0,0,0,0,0,0,0,1,0,0,0,0,0,0,1,0,0,0,0,0,0,0,0,0
Solidago gigantea,1,0.2410714285714285,0.1999999999999999,0.8,1,0,0,0,0,0,0,0,0,0,0,0,0,0,0,0,0,0,0,0,0,0,0,0,0,1,0,0,0,0,1,0,0
Aria edulis,0,0.1116071428571428,0.5927692307692305,0.5972307692307692,0,0,0,0,0,0,0,0,0,0,0,0,0,0,0,1,0,0,0,0,0,0,0,0,0,0,0,1,0,0,0,0,0
Aesculus hippocastanum,0,0.0267857142857142,0.5,0.5,0,0,0,0,0,0,0,0,0,0,0,0,0,1,0,0,0,0,0,0,0,0,0,0,1,0,0,0,0,0,0,0,0
Lathyrus linifolius,0,0.1071428571428571,0.2999999999999999,0.1999999999999999,0,0,0,0,0,0,0,0,0,0,0,0,0,0,0,1,0,0,0,0,0,0,0,1,0,0,0,0,0,0,0,0,0
Rosa arvensis,0,0.0803571428571428,0.7,0.6000000000000001,0,0,0,0,0,1,0,0,0,0,0,0,0,0,0,0,0,0,0,0,0,0,1,0,0,0,0,0,0,0,0,0,0
Ruscus aculeatus,0,0.1428571428571428,0.5,0.5,0,0,0,0,0,0,0,0,1,0,0,0,0,0,0,0,0,0,0,0,0,1,0,0,0,0,0,0,0,0,0,0,0
Chaerophyllum temulum,0,0.1696428571428571,0.5927692307692305,0.5972307692307692,0,0,0,0,0,0,0,0,0,0,0,0,0,0,0,1,0,0,0,0,0,0,0,0,0,0,0,1,0,0,0,0,0
Avenula pubescens,0,0.2053571428571428,0.8,0.7,0,0,0,1,0,0,0,0,0,0,0,0,0,0,0,0,0,0,0,0,0,0,0,0,1,0,0,0,0,0,0,0,0
Spergula arvensis,0,0.3035714285714285,0.2999999999999999,0.1999999999999999,1,0,0,0,0,0,0,0,0,0,0,0,0,0,0,0,0,0,0,0,0,0,0,0,1,0,0,0,0,0,0,0,0
Thymus mastichina,0,0.0089285714285714,0.5927692307692305,0.5972307692307692,0,0,0,0,0,0,0,0,0,0,0,0,0,0,0,1,0,0,0,0,0,0,0,0,0,0,0,1,0,0,0,0,0
Carex acuta,0,0.1964285714285714,0.8,0.7,0,0,0,1,0,0,0,0,0,0,0,0,0,0,0,0,0,0,0,0,0,0,0,0,1,0,0,0,1,0,0,0,1
Carex pallescens,0,0.28125,0.3999999999999999,0.3,0,0,0,1,0,0,0,0,0,0,0,0,0,0,0,0,0,0,0,0,0,0,0,0,1,0,0,0,0,0,0,0,0
Gymnocarpium dryopteris,0,0.4419642857142857,0.3999999999999999,0.3,1,0,0,0,0,0,0,0,0,0,0,0,0,0,0,0,0,0,0,0,1,0,0,0,0,0,0,0,0,0,0,0,0
Populus nigra,1,0.2008928571428571,0.3999999999999999,0.9000000000000001,0,0,0,0,0,0,0,0,0,0,0,0,0,1,0,0,0,0,0,0,0,0,0,0,0,1,0,0,0,0,0,1,0
Sorbus aria,0,0.0,0.5927692307692305,0.5972307692307692,0,0,0,0,0,0,0,0,0,0,0,0,0,0,0,1,0,0,0,0,0,0,0,0,0,0,0,1,0,0,0,0,0
Vitis vinifera,1,0.1339285714285714,0.8,0.7,0,0,0,0,0,0,0,0,0,0,0,0,0,0,0,0,0,0,1,0,0,0,0,0,1,0,0,0,0,0,0,0,0
Rubus saxatilis,0,0.2455357142857142,0.8,0.7,0,0,0,0,0,0,0,0,0,0,0,0,0,0,0,1,0,0,0,0,0,0,1,0,0,0,0,0,0,0,0,0,0
Viola tricolor,0,0.1830357142857142,0.5927692307692305,0.5972307692307692,0,0,0,0,0,0,0,0,0,0,0,0,0,0,0,1,0,0,0,0,0,0,0,0,0,0,0,1,0,0,0,0,0
Potentilla sterilis,0,0.0758928571428571,0.7,0.6000000000000001,1,0,0,0,0,0,0,0,0,0,0,0,0,0,0,0,0,0,0,0,0,0,1,0,0,0,0,0,0,0,0,0,0
Campanula trachelium,0,0.1875,0.8999999999999999,0.8,1,0,0,0,0,0,0,0,0,0,0,0,0,0,0,0,0,0,0,0,0,0,1,0,0,0,0,0,0,0,0,0,0
Solidago canadensis,1,0.2991071428571428,0.3599999999999999,0.7,1,0,0,0,0,0,0,0,0,0,0,0,0,0,0,0,0,0,0,0,0,0,0,0,0,1,0,0,1,0,0,1,0
Viscum album,0,0.21875,0.8,0.7,0,0,0,0,0,0,0,0,0,0,1,0,0,0,0,0,0,0,0,0,0,0,0,0,1,0,0,0,0,0,0,0,0
Scabiosa columbaria,0,0.2008928571428571,0.7,0.6000000000000001,1,0,0,0,0,0,0,0,0,0,0,0,0,0,0,0,0,0,0,0,0,0,0,0,0,1,0,0,0,0,0,0,0
Crataegus laevigata,0,0.1071428571428571,0.5927692307692305,0.5972307692307692,0,0,0,0,0,0,0,0,0,0,0,0,0,0,0,1,0,0,0,0,0,0,0,0,0,0,0,1,0,0,0,0,0
Melica nutans,0,0.2455357142857142,0.5927692307692305,0.5972307692307692,0,0,0,0,0,0,0,0,0,0,0,0,0,0,0,1,0,0,0,0,0,0,0,0,0,0,0,1,0,0,0,0,0
Ribes rubrum,0,0.0267857142857142,0.7,0.6000000000000001,0,0,0,0,0,1,0,0,0,0,0,0,0,0,0,0,0,0,0,0,0,1,0,0,0,0,0,0,0,0,0,0,0
Potamogeton natans,0,0.5580357142857143,0.5599999999999998,0.6000000000000001,1,0,0,0,0,0,0,0,0,0,0,0,0,0,0,0,0,0,0,0,0,0,0,1,0,0,0,0,1,0,0,1,0
Cymbalaria muralis,0,0.0223214285714285,0.8999999999999999,0.8,1,0,0,0,0,0,0,0,0,0,0,0,0,0,0,0,0,0,0,0,0,0,1,0,0,0,0,0,0,0,0,0,0
Raphanus raphanistrum,1,0.2589285714285714,0.3999999999999999,0.3,1,0,0,0,0,0,0,0,0,0,0,0,0,0,0,0,0,0,0,0,0,0,0,0,1,0,0,0,0,0,0,0,0
Juncus bulbosus,0,0.1607142857142857,0.3999999999999999,0.3,0,0,0,1,0,0,0,0,0,0,0,0,0,0,0,0,0,0,0,0,0,0,0,0,0,1,0,0,0,0,0,0,0
Eucalyptus globulus,1,0.0133928571428571,0.3999999999999999,0.56,0,0,0,0,0,0,0,0,0,0,0,0,0,1,0,0,0,0,0,0,0,0,0,0,0,1,0,0,0,1,0,1,0
Antennaria dioica,0,0.2589285714285714,0.2999999999999999,0.1999999999999999,1,0,0,0,0,0,0,0,0,0,0,0,0,0,0,0,0,0,0,0,0,0,0,0,0,1,0,0,0,0,0,0,0
Vaccinium oxycoccos,0,0.3616071428571428,0.5,0.5,0,0,0,0,0,0,1,0,0,0,0,0,0,0,0,0,0,0,0,0,0,0,0,0,1,0,0,0,0,0,0,0,0
Nuphar lutea,0,0.2098214285714285,0.8,0.7,1,0,0,0,0,0,0,0,0,0,0,0,0,0,0,0,0,0,0,0,0,0,0,1,0,0,0,0,0,0,0,0,0
Malus domestica,0,0.03125,0.5927692307692305,0.5972307692307692,0,0,0,0,0,0,0,0,0,0,0,0,0,0,0,1,0,0,0,0,0,0,0,0,0,0,0,1,0,0,0,0,0
Coronilla varia,1,0.125,0.5927692307692305,0.5972307692307692,0,0,0,0,0,0,0,0,0,0,0,0,0,0,0,1,0,0,0,0,0,0,0,0,0,0,0,1,0,0,0,0,0
Silene nutans,0,0.1651785714285714,0.5,0.5,1,0,0,0,0,0,0,0,0,0,0,0,0,0,0,0,0,0,0,0,0,0,0,1,0,0,0,0,0,0,0,0,0
Festuca pratensis,0,0.0,0.5927692307692305,0.5972307692307692,0,0,0,0,0,0,0,0,0,0,0,0,0,0,0,1,0,0,0,0,0,0,0,0,0,0,0,1,0,0,0,0,0
Cardamine flexuosa,0,0.1473214285714285,0.8,0.7,1,0,0,0,0,0,0,0,0,0,0,0,0,0,0,0,0,0,0,0,0,1,0,0,0,0,0,0,0,0,0,0,0
Calamagrostis canescens,0,0.1517857142857142,0.7,0.6000000000000001,0,0,0,1,0,0,0,0,0,0,0,0,0,0,0,0,0,0,0,0,0,0,0,0,0,1,0,0,0,0,0,0,0
Rumex sanguineus,0,0.1517857142857142,0.8,0.7,1,0,0,0,0,0,0,0,0,0,0,0,0,0,0,0,0,0,0,0,0,1,0,0,0,0,0,0,0,0,0,0,0
Trifolium hybridum,1,0.0803571428571428,0.5199999999999998,0.7,1,0,0,0,0,0,0,0,0,0,0,0,0,0,0,0,0,0,0,0,0,0,0,0,0,1,0,0,0,0,0,1,0
Kindbergia praelonga,0,0.0,0.5927692307692305,0.5972307692307692,0,0,0,0,1,0,0,0,0,0,0,0,0,0,0,0,0,0,0,0,0,0,0,0,0,0,0,1,0,0,0,0,0
Centaurium erythraea,0,0.2544642857142857,0.7,0.6000000000000001,1,0,0,0,0,0,0,0,0,0,0,0,0,0,0,0,0,0,0,0,0,0,0,0,0,1,0,0,0,0,0,0,0
Viola odorata,0,0.21875,0.5927692307692305,0.5972307692307692,0,0,0,0,0,0,0,0,0,0,0,0,0,0,0,1,0,0,0,0,0,0,0,0,0,0,0,1,0,0,0,0,0
Calliergonella cuspidata,0,0.0,0.5927692307692305,0.5972307692307692,0,0,0,0,1,0,0,0,0,0,0,0,0,0,0,0,0,0,0,0,0,0,0,0,0,0,0,1,0,0,0,0,0
Beta vulgaris,1,0.1964285714285714,0.8999999999999999,0.8,1,0,0,0,0,0,0,0,0,0,0,0,0,0,0,0,0,0,0,0,0,0,0,0,1,0,0,0,0,0,0,0,0
Cistus albidus,0,0.0401785714285714,0.2999999999999999,0.1999999999999999,0,0,0,0,0,0,0,0,1,0,0,0,0,0,0,0,0,0,0,0,0,0,0,0,0,1,0,0,0,0,0,0,0
Viola reichenbachiana,0,0.1696428571428571,0.5927692307692305,0.5972307692307692,0,0,0,0,0,0,0,0,0,0,0,0,0,0,0,1,0,0,0,0,0,0,0,0,0,0,0,1,0,0,0,0,0
Fumaria officinalis,0,0.2142857142857142,0.7,0.6000000000000001,1,0,0,0,0,0,0,0,0,0,0,0,0,0,0,0,0,0,0,0,0,0,0,0,0,1,0,0,0,0,0,0,0
Daphne mezereum,0,0.15625,0.8,0.7,0,0,0,0,0,0,0,0,0,0,1,0,0,0,0,0,0,0,0,0,0,0,1,0,0,0,0,0,0,0,0,0,0
Rubia peregrina,0,0.0982142857142857,0.5927692307692305,0.5972307692307692,0,0,0,0,0,0,0,0,0,0,0,0,0,0,0,1,0,0,0,0,0,0,0,0,0,0,0,1,0,0,0,0,0
Mercurialis annua,0,0.1964285714285714,0.8,0.7,1,0,0,0,0,0,0,0,0,0,0,0,0,0,0,0,0,0,0,0,0,0,0,0,1,0,0,0,0,0,0,0,0
Primula vulgaris,0,0.1651785714285714,0.5,0.5,0,0,0,0,0,0,0,0,0,0,0,0,0,0,0,1,0,0,0,0,0,0,1,0,0,0,0,0,0,0,0,0,0
Quercus palustris,0,0.1205357142857142,0.5927692307692305,0.5972307692307692,0,0,0,0,0,0,0,0,0,0,0,0,0,0,0,1,0,0,0,0,0,0,0,0,0,0,0,1,0,0,0,0,0
Ribes uva-crispa,0,0.1026785714285714,0.5,0.5,0,0,0,0,0,1,0,0,0,0,0,0,0,0,0,0,0,0,0,0,0,1,0,0,0,0,0,0,0,0,0,0,0
Bidens tripartita,0,0.5892857142857143,0.5927692307692305,0.5972307692307692,0,0,0,0,0,0,0,0,0,0,0,0,0,0,0,1,0,0,0,0,0,0,0,0,0,0,0,1,0,0,0,0,0
Rhytidiadelphus squarrosus,0,0.0,0.5927692307692305,0.5972307692307692,0,0,0,0,1,0,0,0,0,0,0,0,0,0,0,0,0,0,0,0,0,0,0,0,0,0,0,1,0,0,0,0,0
Galium boreale,0,0.4419642857142857,0.5927692307692305,0.5972307692307692,0,0,0,0,0,0,0,0,0,0,0,0,0,0,0,1,0,0,0,0,0,0,0,0,0,0,0,1,0,0,0,0,0
Carex paniculata,0,0.1651785714285714,0.5,0.5,0,0,0,1,0,0,0,0,0,0,0,0,0,0,0,0,0,0,0,0,0,0,1,0,0,0,0,0,0,0,0,0,0
Carex caryophyllea,0,0.2276785714285714,0.5927692307692305,0.5972307692307692,0,0,0,1,0,0,0,0,0,0,0,0,0,0,0,0,0,0,0,0,0,0,0,0,0,0,0,1,0,0,0,0,0
Buxus sempervirens,1,0.0982142857142857,0.8999999999999999,0.8,0,0,0,0,0,0,0,0,0,0,0,0,0,0,1,0,0,0,0,0,0,0,1,0,0,0,0,0,0,0,0,0,0
Lysimachia europaea,0,0.2544642857142857,0.2999999999999999,0.1999999999999999,1,0,0,0,0,0,0,0,0,0,0,0,0,0,0,0,0,0,0,0,0,1,0,0,0,0,0,0,0,0,0,0,0
Impatiens parviflora,1,0.0401785714285714,0.8,0.7,1,0,0,0,0,0,0,0,0,0,0,0,0,0,0,0,0,0,0,0,1,0,0,0,0,0,0,0,0,0,0,0,0
Viola hirta,0,0.1741071428571428,0.5927692307692305,0.5972307692307692,0,0,0,0,0,0,0,0,0,0,0,0,0,0,0,1,0,0,0,0,0,0,0,0,0,0,0,1,0,0,0,0,0
Heracleum mantegazzianum,1,0.0089285714285714,0.7,0.6000000000000001,1,0,0,0,0,0,0,0,0,0,0,0,0,0,0,0,0,0,0,0,0,0,0,0,0,1,0,0,0,0,0,0,0
Juncus tenuis,0,0.2723214285714285,0.2999999999999999,0.6000000000000001,0,0,0,1,0,0,0,0,0,0,0,0,0,0,0,0,0,0,0,0,0,1,0,0,0,0,0,0,0,0,0,0,1
Plantago coronopus,0,0.21875,0.7,0.6000000000000001,1,0,0,0,0,0,0,0,0,0,0,0,0,0,0,0,0,0,0,0,0,0,0,0,0,1,0,0,0,0,0,0,0
Epilobium tetragonum,0,0.2678571428571428,0.8,0.7,0,0,0,0,0,0,0,0,0,0,0,0,0,0,0,1,0,0,0,0,0,0,0,1,0,0,0,0,0,0,0,0,0
Orchis purpurea,0,0.125,0.5927692307692305,0.5972307692307692,0,0,0,0,0,0,0,0,0,0,0,0,0,0,0,1,0,0,0,0,0,0,0,0,0,0,0,1,0,0,0,0,0
Carlina vulgaris,0,0.1383928571428571,0.8,0.7,1,0,0,0,0,0,0,0,0,0,0,0,0,0,0,0,0,0,0,0,0,0,0,0,1,0,0,0,0,0,0,0,0
Myosotis laxa,0,0.4732142857142857,0.7,0.6000000000000001,1,0,0,0,0,0,0,0,0,0,0,0,0,0,0,0,0,0,0,0,0,0,0,0,0,1,0,0,0,0,0,0,0
Melica uniflora,0,0.1651785714285714,0.5,0.5,0,0,0,0,0,0,0,0,0,0,0,0,0,0,0,1,0,0,0,0,0,1,0,0,0,0,0,0,0,0,0,0,0
Stuckenia pectinata,0,0.9375,0.5,0.5,1,0,0,0,0,0,0,0,0,0,0,0,0,0,0,0,0,0,0,0,0,0,0,0,1,0,0,0,0,0,0,0,0
Lamium amplexicaule,1,0.3616071428571428,0.8,0.7,1,0,0,0,0,0,0,0,0,0,0,0,0,0,0,0,0,0,0,0,0,0,0,0,0,1,0,0,0,0,0,0,0
Thymus zygis,0,0.0178571428571428,0.5927692307692305,0.5972307692307692,0,0,0,0,0,0,0,0,0,0,0,0,0,0,0,1,0,0,0,0,0,0,0,0,0,0,0,1,0,0,0,0,0
Cystopteris fragilis,0,0.8348214285714285,0.5927692307692305,0.5972307692307692,1,0,0,0,0,0,0,0,0,0,0,0,0,0,0,0,0,0,0,0,0,0,0,0,0,0,0,1,0,0,0,0,0
Aquilegia vulgaris,0,0.1116071428571428,0.8,0.7,1,0,0,0,0,0,0,0,0,0,0,0,0,0,0,0,0,0,0,0,0,0,0,1,0,0,0,0,0,0,0,0,0
Erica arborea,0,0.1428571428571428,0.3999999999999999,0.3,0,0,0,0,0,1,0,0,0,0,0,0,0,0,0,0,0,0,0,0,0,0,0,0,0,1,0,0,0,0,0,0,0
Larix decidua,0,0.0446428571428571,0.6000000000000001,0.6000000000000001,0,0,0,0,0,0,0,0,0,0,0,0,0,1,0,0,0,0,0,0,0,0,0,0,0,1,0,0,0,1,1,0,0
Geranium pyrenaicum,0,0.125,0.8,0.7,1,0,0,0,0,0,0,0,0,0,0,0,0,0,0,0,0,0,0,0,0,0,0,0,1,0,0,0,0,0,0,0,0
Quercus ilex,0,0.0803571428571428,0.5927692307692305,0.5972307692307692,0,0,0,0,0,0,0,0,0,0,0,0,0,0,0,1,0,0,0,0,0,0,0,0,0,0,0,1,0,0,0,0,0
Phlomis lychnitis,0,0.0133928571428571,0.8999999999999999,0.8,0,0,0,0,0,0,0,0,0,0,0,0,0,0,0,1,0,0,0,0,0,0,0,0,0,0,1,0,0,0,0,0,0
Ophrys apifera,0,0.1785714285714285,0.8999999999999999,0.8,0,0,0,0,0,0,0,0,0,0,0,0,0,0,0,1,0,0,0,0,0,0,0,0,0,1,0,0,0,0,0,0,0
Lamium maculatum,0,0.1607142857142857,0.7,0.6000000000000001,1,0,0,0,0,0,0,0,0,0,0,0,0,0,0,0,0,0,0,0,0,0,1,0,0,0,0,0,0,0,0,0,0
Atriplex patula,1,0.4598214285714285,0.5927692307692305,0.5972307692307692,0,0,0,0,0,0,0,0,0,0,0,0,0,0,0,1,0,0,0,0,0,0,0,0,0,0,0,1,0,0,0,0,0
Lavandula pedunculata,0,0.03125,0.5927692307692305,0.5972307692307692,0,0,0,0,0,0,0,0,0,0,0,0,0,0,0,1,0,0,0,0,0,0,0,0,0,0,0,1,0,0,0,0,0
Rorippa palustris,0,0.6607142857142857,0.7,0.6000000000000001,1,0,0,0,0,0,0,0,0,0,0,0,0,0,0,0,0,0,0,0,0,0,0,0,0,1,0,0,0,0,0,0,0
Himantoglossum hircinum,0,0.0669642857142857,0.8999999999999999,0.8,0,0,0,0,0,0,0,0,0,0,0,0,0,0,0,1,0,0,0,0,0,0,0,0,1,0,0,0,0,0,0,0,0
Viola canina,0,0.2098214285714285,0.5927692307692305,0.5972307692307692,0,0,0,0,0,0,0,0,0,0,0,0,0,0,0,1,0,0,0,0,0,0,0,0,0,0,0,1,0,0,0,0,0
Reseda lutea,0,0.2410714285714285,0.8,0.7,1,0,0,0,0,0,0,0,0,0,0,0,0,0,0,0,0,0,0,0,0,0,0,0,1,0,0,0,0,0,0,0,0
Quercus rubra,1,0.1741071428571428,0.2599999999999999,0.6599999999999999,0,0,0,0,0,0,0,0,0,0,0,0,0,1,0,0,0,0,0,0,0,0,0,0,0,1,0,0,0,1,1,0,0
Andromeda polifolia,0,0.8303571428571428,0.5927692307692305,0.5972307692307692,0,0,0,0,0,0,0,0,0,0,0,0,0,0,0,1,0,0,0,0,0,0,0,0,0,0,0,1,0,0,0,0,0
Sorghum bicolor,1,0.03125,0.5927692307692305,0.5972307692307692,0,0,0,0,0,0,0,0,0,0,0,0,0,0,0,1,0,0,0,0,0,0,0,0,0,0,0,1,0,0,0,0,0
Borago officinalis,0,0.0669642857142857,0.7,0.6000000000000001,1,0,0,0,0,0,0,0,0,0,0,0,0,0,0,0,0,0,0,0,0,0,0,0,1,0,0,0,0,0,0,0,0
Dimerandra emarginata,0,0.0848214285714285,0.5927692307692305,0.5972307692307692,0,0,0,0,0,0,0,0,0,0,0,0,0,0,0,1,0,0,0,0,0,0,0,0,0,0,0,1,0,0,0,0,0
Allium vineale,1,0.1696428571428571,0.8999999999999999,0.8,1,0,0,0,0,0,0,0,0,0,0,0,0,0,0,0,0,0,0,0,0,0,0,0,0,1,0,0,0,0,0,0,0
Saxifraga granulata,0,0.1116071428571428,0.5927692307692305,0.5972307692307692,0,0,0,0,0,0,0,0,0,0,0,0,0,0,0,1,0,0,0,0,0,0,0,0,0,0,0,1,0,0,0,0,0
Populus alba,1,0.1919642857142857,0.38,0.6000000000000001,0,0,0,0,0,0,0,0,0,0,0,0,0,1,0,0,0,0,0,0,0,0,0,0,0,1,0,0,0,1,0,1,0
Plantago maritima,0,0.3482142857142857,0.8,0.7,1,0,0,0,0,0,0,0,0,0,0,0,0,0,0,0,0,0,0,0,0,0,0,0,0,1,0,0,0,0,0,0,0
Centaurea cyanus,0,0.0491071428571428,0.3999999999999999,0.3,1,0,0,0,0,0,0,0,0,0,0,0,0,0,0,0,0,0,0,0,0,0,0,0,0,1,0,0,0,0,0,0,0
Rumex conglomeratus,0,0.2723214285714285,0.5,0.5,1,0,0,0,0,0,0,0,0,0,0,0,0,0,0,0,0,0,0,0,0,0,0,0,0,1,0,0,0,0,0,0,0
Myrica gale,0,0.2366071428571428,0.3999999999999999,0.76,0,0,0,0,0,1,0,0,0,0,0,0,0,0,0,0,0,0,0,0,0,0,0,1,0,0,0,0,0,0,1,0,0
Dactylorhiza incarnata,0,0.2455357142857142,0.8,0.7,0,0,0,0,0,0,0,0,0,0,0,0,0,0,0,1,0,0,0,0,0,0,0,0,0,0,1,0,0,0,0,0,0
Arbutus unedo,1,0.09375,0.3999999999999999,0.3,0,0,0,0,0,0,0,0,0,0,0,0,0,0,1,0,0,0,0,0,0,0,0,1,0,0,0,0,0,0,0,0,0
Dactylorhiza majalis,0,0.1696428571428571,0.7,0.6000000000000001,1,0,0,0,0,0,0,0,0,0,0,0,0,0,0,0,0,0,0,0,0,0,0,0,0,1,0,0,0,0,0,0,0
Pinguicula vulgaris,0,0.2544642857142857,0.7,0.6000000000000001,1,0,0,0,0,0,0,0,0,0,0,0,0,0,0,0,0,0,0,0,0,0,0,0,0,1,0,0,0,0,0,0,0
Geranium pusillum,0,0.2410714285714285,0.7,0.6000000000000001,1,0,0,0,0,0,0,0,0,0,0,0,0,0,0,0,0,0,0,0,0,0,0,0,1,0,0,0,0,0,0,0,0
Pseudoscleropodium purum,0,0.0,0.5927692307692305,0.5972307692307692,0,0,0,0,1,0,0,0,0,0,0,0,0,0,0,0,0,0,0,0,0,0,0,0,0,0,0,1,0,0,0,0,0
Thlaspi arvense,1,0.3169642857142857,0.5927692307692305,0.5972307692307692,0,0,0,0,0,0,0,0,0,0,0,0,0,0,0,1,0,0,0,0,0,0,0,0,0,0,0,1,0,0,0,0,0
